airport,flight_date,flights,tracked_flights,late_flights,cancelled_flights,late_rate_pct,avg_minutes_when_late,median_minutes_after_schedule,avg_precipitation_mm,flights_in_thunderstorm,min_visibility_m,max_wind_gusts_kmh
BLR,2026-10-05,358,266,61,0,22.9,51,17,0.23659217877094972067,10,2980.0,32.8
BLR,2026-10-06,335,250,41,0,16.4,45,16,0.07343283582089552239,0,5380.0,28.4
BLR,2026-10-07,392,250,48,0,19.2,48,18,0.02959183673469387755,0,6460.0,25.9
BLR,2026-10-08,380,252,46,0,18.3,51,18,0.02105263157894736842,0,7540.0,26.6
BOM,2026-10-05,419,408,139,4,34.1,61,23,0.02887828162291169451,0,2800.0,38.9
BOM,2026-10-06,414,406,112,5,27.6,66,20,0.01690821256038647343,0,6720.0,36.0
BOM,2026-10-07,418,414,98,2,23.7,63,20,0.04114832535885167464,0,4440.0,27.0
BOM,2026-10-08,419,344,133,4,38.7,54,25,0.00763723150357995227,0,7580.0,30.6
HYD,2026-10-05,231,208,35,1,16.8,46,15,0.00000000000000000000,0,9420.0,34.6
HYD,2026-10-06,226,204,36,0,17.6,66,13,0.00000000000000000000,0,9260.0,31.3
HYD,2026-10-07,235,211,35,0,16.6,52,15,0.01361702127659574468,0,8580.0,30.2
HYD,2026-10-08,234,211,46,0,21.8,55,15,0.00000000000000000000,0,8940.0,24.8
