airport,dep_hour,flights,tracked_flights,late_flights
BLR,0,26,21,6
BLR,1,54,52,13
BLR,2,27,27,4
BLR,3,25,22,2
BLR,4,49,36,8
BLR,5,93,51,1
BLR,6,111,62,2
BLR,7,101,82,2
BLR,8,93,63,3
BLR,9,78,53,9
BLR,10,123,91,13
BLR,11,80,57,29
BLR,12,81,51,12
BLR,13,56,40,4
BLR,14,64,43,7
BLR,15,98,59,22
BLR,16,99,64,13
BLR,17,101,67,15
BLR,18,92,76,17
BLR,19,88,52,8
BLR,20,92,64,21
BLR,21,102,63,14
BLR,22,65,46,12
BLR,23,45,40,13
BOM,0,40,39,9
BOM,1,54,54,24
BOM,2,48,41,10
BOM,3,24,24,10
BOM,4,82,78,22
BOM,5,118,116,11
BOM,6,142,141,18
BOM,7,104,103,14
BOM,8,89,86,18
BOM,9,98,98,13
BOM,10,115,114,32
BOM,11,103,100,58
BOM,12,123,121,57
BOM,13,106,103,27
BOM,14,91,89,32
BOM,15,110,108,36
BOM,16,117,114,33
BOM,17,111,110,53
BOM,18,108,103,31
BOM,19,134,102,37
BOM,20,113,82,30
BOM,21,110,77,25
BOM,22,90,63,29
BOM,23,90,66,21
HYD,0,15,14,3
HYD,1,15,15,1
HYD,2,18,15,2
HYD,3,29,24,3
HYD,4,29,28,10
HYD,5,54,51,2
HYD,6,82,60,2
HYD,7,79,74,5
HYD,8,75,70,6
HYD,9,39,31,3
HYD,10,52,48,6
HYD,11,73,72,11
HYD,12,51,51,8
HYD,13,42,38,8
HYD,14,67,59,27
HYD,15,49,43,8
HYD,16,39,36,7
HYD,17,71,62,15
HYD,18,60,42,8
HYD,19,72,63,23
HYD,20,33,32,6
HYD,21,61,60,22
HYD,22,29,29,6
HYD,23,29,28,7
