published_at,title,source,link,airports,cause,summary
2026-10-09 15:27:40,"US-Israel-Iran War Latest Live News: Saudia Airlines Employee Killed in Riyadh Airport Attack, 103 Flights Cancelled as Air India and Lufthansa Suspend Services",The Sunday Guardian,https://news.google.com/rss/articles/CBMiqwJBVV95cUxNYWFvVHlQNFFBVE5PbjBSejVJMWE3OVNwbDFJNEdRWTVqbjRCWVZQaGl5T3JaTVY1czRHc2pYQjdncWV5azZvemxrZHgtSEVyTVlpLWtYN1pQR3FVbkYwWjFfS2dBQ1pxaF94M01zV2dKRnh0WGpWMkt4QmxGcEczUC1sRVhqamFyZ1V4WHl0QkR3dXB6aV9rQzRvQTFpQm9mYmRDMWpwUFhlUkI5dEM5cVotZV9rOGthMmNGc0luUWxKWXgyVE1lcWwwYkR0WE9Pc3JyYWJQcFhqR2JTYXgtdlhfeDJpMExUNzV1aDJGSl92aUVfZUxMOHgydl9iVFBsZVF3bkh3NVdra2RKbHpNcktha1NkT1ZhbXhRUzhwNEJSbVZpRWFrTnBVVQ?oc=5,"",security_or_conflict,Saudia employee killed in Riyadh attack; 103 flights cancelled as Air India suspends services.
2026-10-08 21:13:13,Saudi Arabia airport attack: Why Indian airlines are suspending flights to Riyadh,Firstpost,https://news.google.com/rss/articles/CBMiywFBVV95cUxNWWstRGF4SmtFZmNzazlpNzM0V2JaMEVmTjNhYkRicFZyUmJ3aFZGUjNwQzIxSUtmVEVwNXhhRlNiNVFqQXdQOG9DRm11TDI4NzRlb25ydFJLYmxXSFdsNk92Mk9zV3pXSzNhZnlYWFVwYnRlWGxhX3Q5aFdBZjNjWExzTHJaZ1pleVptSFRzQ0F6LWdtS2pMRkdyRllEdm9UelpMSUdoYWNHRFBsQXVaTW9ZYV9pRzIzRkdUYV9rQ18tdU9XeE5Uc3pTONIB0AFBVV95cUxNRFVrTUxSZ1R0Q0M4TzF6OW1PNnIydWJjRGJyWi1wcC1xWXhTYkNXSi16bmU0bnhpejRTWFkxQXJoazlybkJiOWxieGhBOF9ZV0puWVJpZGphQmRzcGNhY0dTTFlJMEhDczQyWjlkZHdJTjVjUDNNZU55dVNZTnR0V3YzQkFwdmRpOHpMa0pkVmhod3o0bEg1NmQ4R1ByVFlqYW5vWjBGZFBKLV9XbFJsd3lvenpKdU1abDZaQUNJcEZORFF4OHZOVFY3VlNWRlJ0?oc=5,"",security_or_conflict,Saudi Arabia airport attack leads Indian airlines to suspend flights to Riyadh.
2026-10-08 20:43:30,Indian airlines cancel Riyadh flights amid airport attacks,Rediff,https://news.google.com/rss/articles/CBMipwFBVV95cUxOTnpxSVc3XzV3WFlwY0NWWFM5SVc0Yjc4Sk1HU0dWOS1Nd0o4UzduSjg5QWhfUFZ0Rlg0RllKcDZNMjVMMXlRYUdNUU1ybng1eFhLelpyV0s0elJDWTZBd1hHaVFiejYtX3RNc0N3VjUxTHFUd1JwdWFJNFdIWV9yVVdkWjZiQ2owUXZoVEF0Vk9JMnRKaFZGejd1RVlzdTJqWGJxTGRMZ9IBqgFBVV95cUxQM2R5Z29fMm53S3NLalU1N01YakZ5ZFJ0WGRDMDhzQ1JRQXJRQ0xlTkpTVnBjdjBJQ2NvZkdYeGJza1dhbDhOMFVCdDJGWnNhZ2JlZVhBekVkY29TT1FVNXNZaFF4UjgxU0V3cThJbm9hcjhYUGlJLXBLN01vQkVRdklaWGVETm1TN01GNzZBYThuTFVzelhrZWh2bjA4NkVaQmRabW1Dend5QQ?oc=5,"",security_or_conflict,Indian airlines cancel Riyadh flights amid airport attacks.
2026-10-08 20:41:54,"Smoke seen at Riyadh airport; flights cancelled, kindergarten, hospital damaged as tensions escalate | India News",Hindustan Times,https://news.google.com/rss/articles/CBMigwJBVV95cUxNazBsWkJQQ1lHMkhRRW9xcUZ3MUxoa1B3QS1SdjFOVHlXMFp2VHo1VThJZ0RQbXVxT1dkVUpxdUp6SUpzWTNBZWRVbzIwYWZIRmFBVllKSTNPV2RIZ1JxcklJTXR6NHRKT2JTVFg1cFI0c0ZGQy13MC1wUFNtUllrcG9JbW5NZVNub2UtQkNrQXl0Zld5R29jUldmUkZ1MWRyZEotbjZCLVdSdUkyS1FNZUVjNDhKVlY2LTFmNk9TMDBlZVItcGlpVXhXa19YQ2NmUW1SRUdjM0FFMFIzRzZGQmFHdGFGdU1NNkdoM1d4UUMxS0k1WnJkSTM2OHRsTTdqWkxJ0gGIAkFVX3lxTE1IS3A2bTlFVXQ4ZnF4TmYxb21ac1VubXI1RXo0bG9rMkFVdHN3dF9oWXdNTmgzUVc4Qy1RaWpNdWEyRTQyVVBuUjItTVNLc1JURnVxR3ZJTU05RXc0OEliblRPNDE5RS1jLVotb004TldlT2NlMVA4cExubkRZX3pSUFQtaEZ2UjRCWjJOV25oaWpFcm9nT2NEdEZBVHotSUx5LWx1RS1vVHdnQ1BEbkUtUE4yT0JPbzRrZVJ5TEhtREhZTWVpZGcyTXlqQzN0YkUtUUtYMXlseVREbXBXQ2swbDAtRTNIdER2N3YtRTRwQnE0N3lkc1N3VTh4XzA2ek1UVlVrd1FIdg?oc=5,"",security_or_conflict,Smoke seen at Riyadh airport; flights cancelled as tensions escalate.
2026-10-08 20:38:09,"Air India, IndiGo cancel and divert Riyadh flights after missile threat",The Hindu,https://news.google.com/rss/articles/CBMiyAFBVV95cUxQbnZjMlktcFltN1A2dlVpWm9IYWF2MXJsYVBjODNUWmhOU3IxcnNqQU1LRjFXUjZndjlLWjFPZG5nbEF2cFdxeFJBa0txMlBaU0ZIRDVQMWYtb0FIcWw4bVBtQ0JxTzg4UlNYeVdmQjN4Y3VpdXNKMVFOUEMzRGRzRy1rV3puZlBodFh2cWlEZkpiYjVIZVhSMzg5RjV1OEVrR3dVM3B3ZzY0aEE4RURrYkd1Q2VJZkxvWmM3ZmJQZ3Nmcm5IeUhQLdIBzwFBVV95cUxNZmZuNG9Semg1dld3YUhNOC1sY3d0TXFpaEVpdkxGVmd2Q09FdzJkaHYyYkNSXzJrcGdQeUdIWU5Qby1MQ0NOd1VPTER0bXpaYlF4VkhLbnE1YUd6WVctMDFaSm15LXZaTDV3TlJtQkNsaUFYbWhhU1BUUFE4OG1scmMyTEN5R1NXLVV0M3pVSzg1ejU2ZWZmdFZpcGVwc3NZLU1MUDdselh2TW8tS0Q1UmFxb3hsSTh1RlNDQmFHZVZTaF9wWUZ6NHhWRzBGUlE?oc=5,"",security_or_conflict,Air India and IndiGo cancel and divert Riyadh flights after missile threat.
2026-10-08 20:37:56,India Issues Advisory for Nationals in Saudi Arabia Amid Airport Attacks; Air India Cancels Riyadh Flights Until Oct 10,Republic World,https://news.google.com/rss/articles/CBMiiAJBVV95cUxQalhtWkExNVRfRGZ2UVhEQjM4VzdGSVltTHlRZXNodGxQWVEzaE53SnBpd2pjWWxpaVoxZHFtYjBLTUVib1dfSE92cV9NM1FvT2k5Z094RmRaOEdWMnBHNUhyampGejgxOXpLY2ZtbkFQT0pxdE1DRnJpeE1ZM0RvbjdPUTMzbUhLbGlRN2VQaXNaWWpfSEY2SW5lQjVSMXd2cEUxcmNSaUZfQ2xGakFMNUFBNVZCU3FjcVJvTk1TWTd3YkcwNV9Yam8xR1Y1VjlLTEtJOXMzM1lmOFlvOHBJVk4xcTlqVmZ2RW9rTFd6bVVGU1FzZmRaanhyTVFVQWVxTk11djdESmPSAY4CQVVfeXFMTU5vSnBkS2JjSW40d2pWM1E2ZFQtVTJJV2NrWGp0SzQwd1dnbUg3UXI0Y0pyQXpENkdobFdHZkRvOHJXT1dpb0MzenBuRV92TkxTckpMVW4xVTVvMVAzRk84VHNfNy1fMzNiZ3pzZ01LQ1V4aktZT0xaLTk1ZlFfRXdEVFdWdW9nUll1bXhyT2ptRUt5SU1lUm8zckgxSTU5cHVfUk9BMGRzRUNwWEE5eDBlSTZJTGNKWEphai1TRENGa251czA3eE82R2ZrS1dvSk5ieVEzdzRWZHZ2LTM2SDg1U3RDSkZvQm05WmdyS1RqdUJvRFNxMUNTdWM3ZGJHYWtOcWJjd08xdWFDMDhR?oc=5,"",security_or_conflict,Air India cancels Riyadh flights until Oct 10 amid airport attacks.
2026-10-08 20:36:43,Indian airlines cancel Riyadh flights after Houthi missile attack,Business Standard,https://news.google.com/rss/articles/CBMi0wFBVV95cUxPNzF2RW1WdFdYVHpGc3liQURMRGYwUjY2SXpZcndzM0dYQ1R1eGR1Zk9Pelh6cnA5ejN2dm1lUzVreDZCUXJPVXdxTERCMUVjZExpcVcwYk1UU3hqbDktSmFfenNzSnNJOXhNRWpXRVFaRTBvT3FKSzFsdFg0WU9McG8wV0V5bkdwcG5vLUlhYzlvb0ktOVBSVmNqMUFBNkFPVHBWSl9rUDJta2dGRzVzdEo2RUhUMmRxSFY5SUlRRVNCNjFRZW9jVlZsMTdfRzB4ZjFN0gHYAUFVX3lxTFBrbDIwYk5nVWg5and1djJ6dG9OVlE0OERYR2txdEtZTE5lR2RBRGVPU3ZiOHY1ZkN4REZFVnNGQnhRSUxhRTk1NlFnOFpxcWRIM25aVi1jN2ZybEpFeVFNcVl0UE42TEV4X2dCd1I0WVN3MUJpLXBLWXRYQkRNcFhJNko5SHY3YURjMTBabnVWdW1pbF9ET2plMlVSSEs0dDRhYWEyTEF3a2xTRWw1WmM4NVlTY2V0ckNRR0tkb21DRlRzZmpWR3g3UThrY1FaVDdKRGQ3b0ZLYg?oc=5,"",security_or_conflict,Indian airlines cancel Riyadh flights after Houthi missile attack.
2026-10-08 20:26:25,Air India flight turns back mid-air from Riyadh as airlines suspend flights amid security concerns,CNBC TV18,https://news.google.com/rss/articles/CBMi6gFBVV95cUxPNW9pQVNIVnVkcVY5ZmFqRUlERk9XM1pIWTJiMUM4YzVBeGRkSEJGYWE5T3Q4S2R2VDRNNGFCeFphNVpEUlJvMS1NMWEwVmJndDRBVDRtVGlnQVRmSVBPOVhCRG1mUjVrWDgtSUxOX3NoVnJSTDgya0hKb0VzSU9YZFRTZFNHb3ZWdTlGeDNETTJOU2RDS0FLU2ZLYlhEVzZGVk1VMTBPd2xkQUYxTTZXNTk5YTBQdF95akIyNURoTVZiTGZuLW5YWXlXc3BOaUdFd2ZXdk1Pb2EzWWYzMjZ5WERzWmhvdElMRWfSAe8BQVVfeXFMT0FWaWJWT29tdi12enhma2g0S19teVFtZDd3enI4a3NtR2owcldLaUt1dVhPRkVKR0lIREVwR0hZbU5NdUM5ai1WRlYzWWdENzVISkFrenFFa1VpWjNVaHdzM2pPVVE1dVZ2RnRtdnRwX2Nlak1LanR3RmdtS3R6enMzTllfWUQyTnUwNnVYTFNxWXhKcmxBc3BMNlI0ZHFlTVlZODIyX0E1dnRWZkpfdzhJLUpmS3RRM2pianZ2d2xZXzVaT1diTFBsRU03eWM5OVVQQzRFd0xGWFVYOEFYX3JLZS12R2xPaEFTTGk2aVk?oc=5,"",security_or_conflict,Air India flight turns back mid-air from Riyadh as airlines suspend flights.
2026-10-08 20:15:00,"AI Express, AI cancel Riyadh flights till Oct 10",The Siasat Daily,https://news.google.com/rss/articles/CBMiiwFBVV95cUxOQ3FfazR6VlNpX3JrcUN3WU0wczRGT08xaTJrbXJObVhkVDM2dFBseEh0ams5Mzl1REdVS1kwUDM1d1gweVZaa1Fmb2U0RlZiSVB3RnBkZWFpWS1DZXBNSUdsS1RDVXVBTlp1Vlpya2FvdEo1TklhdjdvZkZ0NkdsVjJSR2N4a3JCQkZV0gGLAUFVX3lxTE5DcV9rNHpWU2lfcmtxQ3dZTTBzNEZPTzFpMmttck5tWGRUMzZ0UGx4SHRqazkzOXVER1VLWTBQMzV3WDB5VlprUWZvZTRGVmJJUHdGcGRlYWlZLUNlcE1JR2xLVENVdUFOWnVWWnJrYW90SjVOSWF2N29mRnQ2R2xWMlJHY3hrckJCRlU?oc=5,"",security_or_conflict,AI Express and AI cancel Riyadh flights till Oct 10.
2026-10-08 20:14:35,"AI Express, Air India Cancel Riyadh Flights Amid Attacks",Rediff MoneyWiz,https://news.google.com/rss/articles/CBMiqwFBVV95cUxQbzBBcWk1YWIzS3RGTTRKYWROcmkwYmRBelpEVFBnbHFmTzYtRU9WU2Y3TEZtTHV4SmFDYVdTNEFuUE9uMTdfbUZDSmp0dWN2dnJEWHF2ODdaeXF3aG1jMDdwbHpRVUoxa3JFSDdHRmZxOGhnVHJ5U3k0eGVTSTBBX2FFNVFVOVVQd0ZjcXJNdE15X21VV3JCMGdnVHZXOUFxREJzVndHV0hfV2_SAbABQVVfeXFMTTZEUlF1UTA4dXA0TmxwTEV6bTFjN2wtZ2NheWx2UXNqNUxaaE1ENEk4QXhIbGcwek11MGhpeEZka3ZjNnFfSVRzMWU1YkhDMjg2QVMtWHBXdnNJckNiRloxc25uYVNiS2tHdU1kYmVPTy15WDg2aWV3RDR4VUtDNTRkY3o5RmJydVVheWFrOVFyN1ZCOXlWbTNhaWZpbENxQTRNTGt2NDNXbHpjZ1JNOHo?oc=5,"",security_or_conflict,AI Express and Air India cancel Riyadh flights amid attacks.
2026-10-08 20:10:03,"Air India Express, Air India cancel Riyadh flights till October 10 after Houthi attack on airport",The Tribune,https://news.google.com/rss/articles/CBMi2wFBVV95cUxQd2xINHdQdFlQNlczRnB6Y3NYUEFZaWpsMWtSVE9rZzRWcTc5d2VNQzNDY0ZMeTRpYmlDc1dIZFNRQi1uUWdmNm1jcTh5R0lWNGtKc2lWM3VrTGFFZ3hUWVZ4OWpzbUlvdmhNV2g1VlF5ODR5ZTVYMndkREI5MjlsS21RblVyWWVLVWxQLU9rVlNxSGxtUVZqVkk5OEZBb0NiTndCWFZab2tpam9UYVNlWFZjWkwwQmgxOUZZeEh5MnZUODZRd3NaRlF6YTJJXzF3MmhUTmg1LVZfTkHSAdsBQVVfeXFMUHdsSDR3UHRZUDZXM0ZwemNzWFBBWWlqbDFrUlRPa2c0VnE3OXdlTUMzQ2NGTHk0aWJpQ3NXSGRTUUItblFnZjZtY3E4eUdJVjRrSnNpVjN1a0xhRWd4VFlWeDlqc21Jb3ZoTVdoNVZReTg0eWU1WDJ3ZERCOTI5bEttUW5VclllS1VsUC1Pa1ZTcUhsbVFWalZJOThGQW9DYk53QlhWWm9raWpvVGFTZVhWY1pMMEJoMTlGWXhIeTJ2VDg2UXdzWkZRemEySV8xdzJoVE5oNS1WX05B?oc=5,"",security_or_conflict,Air India Express and Air India cancel Riyadh flights till October 10.
2026-10-08 20:06:07,"AI Express, AI cancel Riyadh flights till Oct 10",Greater Kashmir,https://news.google.com/rss/articles/CBMiogFBVV95cUxPSTc1cjhUTkZQaEtHRHdBNEFNSTFDOC1fNFVWcktKR0dka0M3QTh0dTFhUGxPa0J3RWF1dUl2d0dJSWJJaHFwdTJqR0F4SzRpb3VIUDV3S3ppYl94ZS1YZW1hMDVNTXdGVXFwLThpd0MzbFlydzBfeFFFSks5S0I2dHI1cVlreDNZSGUwY2wyNGo0d1ZDODlzTWhiUEZEdXd1eGfSAaIBQVVfeXFMT0k3NXI4VE5GUGhLR0R3QTRBTUkxQzgtXzRVVnJLSkdHZGtDN0E4dHUxYVBsT2tCd0VhdXVJdndHSUliSWhxcHUyakdBeEs0aW91SFA1d0t6aWJfeGUtWGVtYTA1TU13RlVxcC04aXdDM2xZcncwX3hRRUpLOUtCNnRyNXFZa3gzWUhlMGNsMjRqNHdWQzg5c01oYlBGRHV3dXhn?oc=5,"",security_or_conflict,AI Express and AI cancel Riyadh flights till Oct 10.
2026-10-08 20:06:07,"AI Express, AI cancel Riyadh flights till Oct 10",Greater Kashmir,https://news.google.com/rss/articles/CBMinAFBVV95cUxOaUpoT2JrMm5iNUgtYXZYTmRVbjJDNXpVUVY1OWtLTC0xUHVRbTk1OC1Eb2ZGWXk2V0tkc2s0by13VndVS2JfSk1ycDZvNUh4WWd6djZzbWlLNlh2ajYxUlZQcDA5NXRqbjN2V3VBYmtNc195cVBRMFVSNDEzTC05bTE5dlliUi1va3JzUjFDbVhHbERpNkFKbi1rVTLSAaIBQVVfeXFMT0k3NXI4VE5GUGhLR0R3QTRBTUkxQzgtXzRVVnJLSkdHZGtDN0E4dHUxYVBsT2tCd0VhdXVJdndHSUliSWhxcHUyakdBeEs0aW91SFA1d0t6aWJfeGUtWGVtYTA1TU13RlVxcC04aXdDM2xZcncwX3hRRUpLOUtCNnRyNXFZa3gzWUhlMGNsMjRqNHdWQzg5c01oYlBGRHV3dXhn?oc=5,"",security_or_conflict,AI Express and AI cancel Riyadh flights till Oct 10.
2026-10-08 19:56:02,Air India Express cancels Riyadh flights until October 10 after Houthi missile attack claim,News9live,https://news.google.com/rss/articles/CBMiywFBVV95cUxQZXVnZzNMUHphVXd5amMzSTZYajZwNUkxdEdaXzJ4d3d0a0ppeFZPZnZXVkliYV96WVRySWpRNGtZdGdDdG82MDRLcHRxTVRZanJCN2k2VHYtZmJnMWp0YjhubXk4NE9NWXB0WHdIbGxvT2xTQklzZjBEZmgtSGpIc2l1R2xUZ3JybHA2aWtqWFI5SVRaVTRyV2ZjLTFQeXZ0WF83SjBEaXN2UDdrcUp1YU92aDhvNXZYZVhwV1VucWJqY2VfUVZjOVFSTdIB0AFBVV95cUxNZG5ZbTZ1eEl4bFVpQnRLSWMwZ2ZOMTRDcW00RUtxOERKM2l1QXB1Z0FjTk40ZDFTTnM5MVN2YWFJNlp4YzFvNlBLMkxsRk1kUU42dVNKWVFCdm1WSnpoWHB2bTFTM2lQQ3VWbE1zQVlYT25IeEFFeXN2blEzX2IyZWY2cUthWGI4THdkeXVvTHZ0cnFJWWNzSGNpOVhJc0Z2alpxXzlxbzNtZVZzSFFPbjNmdTRiMHRMaUh5NjFMSlJIdmlVemlFSThJODF1SXdZ?oc=5,"",security_or_conflict,Air India Express cancels Riyadh flights until October 10 after Houthi attack.
2026-10-08 19:45:40,"Riyadh flight cancellations: Akasa Air, IndiGo, Air India Express suspend services amid security concerns",Moneycontrol.com,https://news.google.com/rss/articles/CBMi8AFBVV95cUxOMHB3S3ZkMFpDbGZTbnNjRjc4VERYdW8wd3hIdEpEa0RUYUJUdm5veEFtZWE3bWo0bVU1UDRnTjJINWV6VEk1TjNBdkJXRXpMeFh0LVJtalRHbDJMQ25vWDNFaEtSRW42cG43ZWR1cll5OHJ6WVJHQ01VXzJFWHdianExVGRQX1dZT3h6WTNTSUhsRlJzSGdYX2RjeWFaV2ZRbXl1OFpDNFhsRjNhN1daaXpZcll6V1pNS1E2Q2dzQmlnbHpBNnJjd0RZT0dRWktOQVpOS3p4ejVSV1laQTJMVlR3c0hoLTRodV9WZ2RMWVDSAfYBQVVfeXFMUHM5b2ZWNlRQVDJ0NEpYWWV3YmFNaUhFRE1fX01wZ1VIRWRoTUp4UzVsaEY3c0dLVi1WMVlCd3MzUEZpV0VJWnhxRmE0d3RkWjloS0ItX0poc2UwMVZSTURaaDBOQ3hOU21HWHhab0dWM0x3OXhtNk9MTnl0cUcxMlhicEppaWVVejBqaTk5TUliQ0R3cUFaNDk1ai1CeEFFRjBMZk1RaFBnX0dNVklyUE9vNnhzQWp1UVlKdlNlbGhfVjdieVRaUkxMWWRuMjBVUFpENzhBLUFaN1Z1U2pGc2ctQkNnLU9xejRTZ0pqNUYwdEZyc0xn?oc=5,"",security_or_conflict,Airlines suspend services amid security concerns over Riyadh flight cancellations.
2026-10-08 19:39:36,Air India Delhi-Riyadh flight turns back amid Houthi attack reports; Riyadh flights suspended,Business Upturn,https://news.google.com/rss/articles/CBMixgFBVV95cUxNaVoybS1XUEFJSnA1dHItYWk1cXdtODhyNE1NdkRzYTdJUzFrWld0X2dDUTRnM3htYlpPc3EzV1VOOUZjeHY4aTVkbWFLclpxQmV3N1hBLTU1cUhiLVV5MzVnS2ZxV1FXV2s4bEYxbU5nWEZpTnVTOGQ3LUVJWEZkaWZ2OXJUS2hianM5ZHo5d1U4d04xMUhWT2dLMDg5dGFwNjJ2YmtRTVdGeU0tdUI5dHlqa1F4SFdhWnNpTXl4Rk1jajdmQkE?oc=5,DEL,security_or_conflict,Air India Delhi-Riyadh flight turns back amid Houthi attack reports; flights suspended.
2026-10-08 19:23:04,"Riyadh Flights Cancelled: Air India, IndiGo, Air India Express Suspend Services Till October 10 After",LatestLY,https://news.google.com/rss/articles/CBMi9AFBVV95cUxNWmNGZFZlcUFuajVnM1lLMWd5UEd3c29nZGVRRnhDOV9nTTNNUnZldHBVNzhyMkhlOFJmbkF0ZmgxWlIyU2FpOGx3eDNWb0kyOTZhSnlSLVJUd0p6aGNpSVk2NjVrbV9YUVRma3NUV19lTVhIX2ZwQ3JZcmJEbi1ocUtVVXZXLXU0alExN3luSFpmNjgzX0phX3l6el9KOGx4SmlucUJ0MTE4OU05TGw2b3ZnQzlSY3FHaE9FaHpBU0xFT21wOXE4QWN6QVJQd0F1MXRIR3BueXE5LUpIUS1SOEVtSFZQTnZ3cWFYdk9pbzJ6Nm1E0gH6AUFVX3lxTE9yLUU3NWFUSHlpZzc4blBBZE9pdG5uQ3Z4SWFraHlYV0xsYldJZFVybUFVeUtkZTE2OVJ6ci1KSkJYUVFTbzc3aW1UaEtXeVBnTF9lbG1jU0dRU1R1Z3U2UG95eUhuMWE0UnV4RmRTcmYxLTZvMmVVSFM0QzJFeGhkejB3UUdYeU9udFBmeTVZWkpzMGlLMHJDaTEtcWliS1ZuZ3F3X1BuSEh1bHB3OEpJMDJqUTVKSmtRZGtWdGVMYWR4aEZLRmJjU29WcER0NnBNdHhZSjVSUTNQVGJ3RFNxd24ta2h6d3oxOVp1Uk5aOEtpakF0WU5lTXc?oc=5,"",security_or_conflict,Airlines suspend services till October 10 after Riyadh flights cancelled.
2026-10-08 19:19:17,Air India and IndiGo Cancel Flights to Riyadh Until Oct 10 Following Houthi Airport Attacks,Pragativadi,https://news.google.com/rss/articles/CBMihgFBVV95cUxNM2dGcUcwLVN4bGphRmNhNXM5Y1ZMQWtncloycmZhZU5zMGpydVl4eDJpTmZVVF9oNUVhN1NXQnVvUHBtNGxuSTdLUTREZTA2RGx0VTZ0cUdGOTExeFQ4cGQta25mQ21DN1dzSXA3ZWZ3NFdpc0loaXRTODlzeHV5VnBVdnBhUQ?oc=5,"",security_or_conflict,Air India and IndiGo cancel flights to Riyadh until Oct 10 following attacks.
2026-10-08 19:18:59,"Riyadh Airport Hit By Missile? Air India Express Cancels Flights Till October 10 After Houthi Strike Claim, Details Inside",NewsX,https://news.google.com/rss/articles/CBMi7AFBVV95cUxPNnY3UjRmdGlxeWtDLXFRNENXQmtodzZMZlN3Y3lUV0xvdnFxTXN0SjRVQy1rWHl5UWpKSHNPdHBWOVBRTXdQSFpHNnJ4V1dkYnA2Nm40S3VxTVQ2TGRpZ1J3TUhyUHVlZTBOLWNWdmlDY2taRW9xTmpRaEd5WnpOTGRZNHBfbTRyak5jSnItSVhhLXI2cG1nRGlzMF9BYUpGSjFRRWx0SGRBMXFOVk44RTJCWU81aWh1blZXSGxpTTVJcHZFeTdGX0pGYVNMSkI2cFhsdExZOEp3Z1BoVFZiN2M1ZXI0eV91ek9ZY9IB8gFBVV95cUxPTWl6bzVYc0lsLWt5QWwzRjR5Z1J3NmpLYS15ZklER0d1QzBnaE9NOFJObWphUkdEclZ3azlmSXZDYXRWNTVSRTZ0MnlsN3BlY3FSZHF6QjZMU3NYOXItZkJTM2FHeGRiSHhpb3pPVk5UQmJER3pMQjFGWkEzcXhtSVRBRGFlX1NtZDZLdW1pQVFCbjVMem1iekRmZzBKajN5dXBJTHI5dkRCMzZ2aDMxVnl5eEVnNnBwLUtuTVB1cVloRVpJSlJFV1ZvMllVbWl2VHRHTGlQRTR4LWEwcVVzekdZYTZmeWYxUUFMUHZkZTBDQQ?oc=5,"",security_or_conflict,Air India Express cancels flights till October 10 after Houthi strike claim.
2026-10-08 19:15:35,Airlines cancel flights to Riyadh after Houthi attack on airport,Gulf News,https://news.google.com/rss/articles/CBMitgFBVV95cUxPX0xFekwySWpnNXhTZGJUQjlFTVpmVG5GODdKd2t6VUhKMDB1am5WRDU1SWczRkJuZ21KQVdOTUtGcUdKQUJUX1BfQmtKc3MzQWtSM0NLME5NYldwRjNDd1pSOWdDLUhuR3VNaXl0OEc5UnF0SHZrTktxUGdkODNVbUFicFpRREdXSE94YVBtVHdSTFdCclF0a1gwTURQUUFWRzdKOHJRcURoM2JscmstMnBOXy1Rd9IByAFBVV95cUxNbVJuQU51QmV6bTYybkpaaEFRWTVVRklYbVB0TjF6QXBTanZHTWItOUhuSXBpREZuX2tRWi1yUGVxd3pBb18za2xiS3FSdGY2bzZOZTdwbkxnYk5EYUx4LUdQUmRDMWRmUm50N1BQTDhuU0lCMUtITE01SjJObmtnaG93d0V1N2dxUndtOG1tRlVyb25zbUlrUmsyN0lnbTl1MlNxUHotVlJaM19TYUJ6djZTNlBLalk2bmFqa2VwVF94b2hxZ2RvVQ?oc=5,"",security_or_conflict,Airlines cancel flights to Riyadh after Houthi attack on airport.
2026-10-08 19:12:11,"Air India Delhi-Riyadh flight turns back midway as Houthi attacks hit Saudi airports, all Riyadh flights h",The Economic Times,https://news.google.com/rss/articles/CBMixAJBVV95cUxPaFlvOHBsM2gzWmVhb215MlRGT2VSLTA3andhVUJ3S3Uxc0pHd3pOOXVROXR5bFdKb3BBLTBZTjZqRGhTX0xJbl9QbUVCTUN5cmQtNkUxeGtrRUZDeEFQek5oX3p6QTA2UzBZUEE3akVIRnZXU2dfdDA3QTdrMUZISHNHc3VVN1drTFBjX1dPSjZkUFM3LXJkY0otS09Ec0hfNDVBYmlFeUx4VUs2SnBlNjFvU1pIcFlOWWdpSWJxeHg2a3JKalBmSlYxMXJwa2hVTndQQ284RU5ubzdOUFA3bXc5NkQ4U1ZUMnZPdWxqQmpfdmcwYjRxMXc3RkJ2Vk1CMGRaRFhRVnRGSGVfTWYzY1g2aWQxVVdMNVVFeEJBQ1dxTWtoTmlVZUhwUEVqNEZqYXpuS2Nsck9XTWJlTXU4aktpNWnSAcoCQVVfeXFMTWhveFpkbWNhbG1ZWEpWbUdENnJGcWlZZ3loQnNhMmhDZHB0c044WnQzWHRQYWJLU1FyTDZUV2lsYXVscXBVM21yZDFYdHYxZHdpMkpvcDRpN1R0azgxN3ktT2IxeDN5bjhxa1hRMkp3UkdKdi1qdVRwVVUyZ2dLUkt5WlByR3I1U1lKSEVlWVdVWExremtwZW9VRGVRUHlETUo1YUZTNlAtRFRuNDZTVlh5UXAzQ3hzeXdDXzVfSTZTZ3JOMF9YRW43TFNTYWloYW5Fc0JzMzl2SkNvR25WY3Q1bHVwSFNKd2MzOTk3UG9ZX256YzhObDMyd2M4R0lnTUN2UkpWdDVGWFk5eDQzbmFMVVVzVUZFRkQ1elo3bERvVnJZMjhzZ1VuWGVrczhyY3VGQmVHeGprYVVDM19ZczktOFRxbl91WU9R?oc=5,DEL,security_or_conflict,Air India Delhi-Riyadh flight turns back midway as Houthi attacks hit Saudi airports.
2026-10-08 19:09:03,"Riyadh Airport Targeted By Houthi Missile: Air India Express, Akasa Air Cancel Flights",News18,https://news.google.com/rss/articles/CBMixgFBVV95cUxNM2M2UkowV3BycWJXOF85RFR3WnJPcGZha3hYaWVBVXhwM0FfbzYtcGxjQTFmTnY4Y2pLbk5ULTZpVXhITGp3VGFqVUZWbUFLWXI0N2cyd2tCaXNZalBLUTlfUnFWTUhyRWpKcndHXy0tclJVNE1ZNE91NGdKNmZYZTFVanpCRzFmVjByRV95aTFsUFJlZWZ6WmVXTzNkaUotR0pEV0RfNUV0QTZmNFUzMzBkQmUyOWlCTDZKenBqZGlLZ3BmaXfSAcsBQVVfeXFMTW1rZ1ZWa25fMmNEMzQ0a1lLZTZOUllDbG05anZyWG9oS3NEVWdYZkhZMVZoQU9xTXYtMnVNdjlnM1lhekN2WGhFbWpGVFVzMFBWRmhwN2FzVkJFUTFWRmh1TU5pMmpnaVBXY2JSQ2ZPY2g2aXBacWV1V3JMSDNjc1d2enBlbnpJT1lac3ZOdklrdFRhZ3RuYXdlWDBvdFNNdTlDSzR2X3RoVTVoaHpyc3hyOURxb1U5Mmpvbk40Wi00Mkc5X01oYUttb00?oc=5,"",security_or_conflict,Air India Express and Akasa Air cancel flights after Riyadh airport targeted.
2026-10-08 19:08:59,"Air India, IndiGo suspend flights to Riyadh after Houthi attack",The Indian Express,https://news.google.com/rss/articles/CBMiyAFBVV95cUxPaVhrOVhaNkx3RGNnM2JlRC1wNWZRVFFhVlpQY1RtVFZhdWdMbHExeDdzcFlnVy1mRnpWNzdjQ2I0NVdUMnVoTVJobTBmN291d0dYclhuaS15NGx6eE8wZXhiQmxxd0JUTWo4WlJMWWcwS2hmUkxVMWRpb0FJQ2NYeWdFb2RCQTl1TEtDTUJQTFBvb1FXUXBVal80NllDY2o0dzY1Vkc1QWFoa09rTVBXVlF0R1o3Z2JzcTVNbUlNZzJPT0dWNmFsMdIBzwFBVV95cUxNN3hDQWlJek9RREFmUmVXbmZCaXdNWFlCT3prb2NsSlZvU0ViMUtiSFVTTkZDTXNfUkEyS2xVV0hxdE9SLXpmazZCNmlISUcwWWx1NlE1STVaRW4ybWRqTHlwZFJySVNWemUwS1ptaUxZTUNpaHJrUVlkZ3lXUENBRW8xd2F5ZnUzMjI4dUM1RlRKMzRPcEFRRnM5MEdYQ0dITGhxcl9SNnp2RERHMEVkUWpyZ2VlXzJVcWNwNUhrY1hya2NVc3dDb2RIcHNKRFU?oc=5,"",security_or_conflict,"Air India, IndiGo suspend flights to Riyadh after Houthi attack."
2026-10-08 19:07:37,Air India Flight Returns To Delhi After Houthi Attack On Riyadh Airport,ABP Live English,https://news.google.com/rss/articles/CBMiugFBVV95cUxPMmJhSzRkaE5ZY2haYVNvS1NRTWVLU2o1Z3ZKay1iQmJuTUFTaU92eVh0THdzbVJjM1Q5bmI2TlRlemxzN3Y1SldlcFBkWDV0MGZRM05wRGltc2RRRWZFZHo4aHhMTjVydlRYLWpQV3AzQXFMSEJDcExfWFQ5N0hHbjhmM0pDRXFmV1F6NHM1MUZuUnItMUtvVkRzYWVhWXU5aFdfdmRPcE42clIzUm5EdExlQktNLU1oQXfSAb8BQVVfeXFMUDFCNVgtSGZnNGI3SVpFUkZwVk9rNjRaY0l0amFtdmtFdXF1ZXQzTFhsNG1ZU1AtaXNyNlFzTTBxdFk4cHljNGFnRjZGNmFPeGhWdlpDVTRwUy1DVXppSUJBVWQzeUhHaU5qczB1Q3ZqVEw5THN0Um5EWmJOYWVEejhsVzFUSEJCdDZuZ1lpd1pORExGRVVhSDIwblNCZHQxRF9nbWZpel9vYmNidHhwSWJKazhpSTNlMzk0OVNUbG8?oc=5,DEL,security_or_conflict,Air India flight returns to Delhi after Houthi attack on Riyadh airport.
2026-10-08 18:51:39,"Air India, Air India Express and Indigo cancel flights to and from Riyadh after Yemen's Houthis claim missile attack on Saudi airport",ET Now,https://news.google.com/rss/articles/CBMixwFBVV95cUxPT0pDb3VMT2tjQjhsNTdXaV96amFXbGZtcGd1Qi1RcU92UnNPTXMyVlBHLVRwdkc4YUktNFZFd3E5ZTNaXzVfSkRDZXA5Nk9YM1JUZE8zNS1HVU9pRnpfRWczUEdRaVYwSXRpVVR5ajI0SUlCaEphLVYzaUdaZHktNFBSYlR6a3VhWW9ORlZkZ0tmSnRzYXYyV292Q3Q2Wl9UcTZMRG5hWTB4akE0TWtkTWpKM3JjUFVJY2RqWXRiWlpYX3Y1SWtZ0gHMAUFVX3lxTE5RU01neGRjZFJCQ3k3dFNnQUE2T1lmSEhfXzdWeDV1Vm1va0NtOG5mREl6bUw1Q3pXVTIxVWdEUVdrb2g1M0dBd0JDQy1JYmwxWnpLMnptMDFPc2txa2lhOHpLdGtUc2pQNFdHX2F0MWtRS3JlV01XUGk3ME14TXMyMl91d0VLQVAwUmVBZ0JKT1lubG5xd0VQeVNPd29rZkJwQ1phQmFDQ1I5eDA0eVBtTlphaURzSjZKZGcyc2ZmZXVkN2JYZzRvNUx6aw?oc=5,"",security_or_conflict,Indian airlines cancel flights to and from Riyadh after missile attack.
2026-10-08 18:42:00,Air India Delhi-Riyadh flight returns after Houthi attack on Saudi airport; flights ops suspended till Oc,The Times of India,https://news.google.com/rss/articles/CBMi2gFBVV95cUxOZUQyY21hREVZSzFLdnRvV3ZxQVl5N3FUa1praktTZTV6Nm9XZ0tjN3VRZzMwbW43bXZZYjBvSlRGMWxqcEhKVm9memd5VlZ1Z1lwekNKSUFxemgzOFRzSC1wRzhNcWdMMUdqLVJqSkl3UFFQYUlwWE1WQjJSRW9yY1F0T0FXanh6dnZqQmFaNHVpRmM4QVFHLUdlZFRaNXRxb0Z6T1N0SXBGUDFEbUVRTThDZHpBSk40Z1otbVlhY25wUUhrS1hJT1lkeTU3VmwzY21qOFplMDFvd9IB3wFBVV95cUxOMnkySV9IOE9DVW1abFB0S1lNNXpka1BjdWFxelRzSkduXzdKQUZGVExfNEgtMWNrTTdMWHF3UzhxTE1KOVNrbF9DSkNndm1NUnpDRk5wSmc3X2xUczU1UkF3SGsxS0dTUk15LV9tbEtCOTZwbW9hQVNIQ05WSnJ1ZXFoV3dtU2hQSWZFcDlsZ3hmSE9JdU5ZSHJrdXdxUUVETzF0RU0xTjgwSktWRUJ5dlkxUkNzREVBYmhLUjNBNVIwMG9wU1A3VE94X1VZYm1TNkJRaG1XVmNhdV9OMktF?oc=5,DEL,security_or_conflict,Air India Delhi-Riyadh flight returns after Houthi attack; operations suspended.
2026-10-08 18:28:43,"IndiGo, Air India Express, Akasa cancel Riyadh flights after Houthi attack on airport | India News",Hindustan Times,https://news.google.com/rss/articles/CBMi9gFBVV95cUxPLWs5ZHJTR2RqODFsanY1ZS1RbVBLZnlYb1llN1hFYnhEZHZ5RDhCUF94enJCWTQ1TjVXVzNXc2lKcmlTZGxnMjlsMmxla3lqbFZsZFFYZ3MzWXV4bzZJQmtmRmM1eTFfUGtSQ0lBLXYzcmF5R2JQaTd2b3FzM25mMjktdHVPRU1rVGhrbnNiamh6UExFU2xJX095SEVaTnJEcjBpeWp5LU56X0NzSXRaaUhWdXdDaUx2b1BIaGhFMzlydDNhMHp2VTdwbkZQNWJaZFdjbGpMMURhd0tVMHFIRGxPeEt4MTR4SXZzVENfX3JmZWhQMWfSAfsBQVVfeXFMUFhOeTRrLTVRanJFVFRwdER2OXJzdVk2REM1X2dFNFRXR053UDNGVXVRZjlhdU54RHFyZEEzcG5ncldkN0luSGxjMWxsXzRLZDdNOGhzUkhFclJtTFFpcExDOWVWcmRDMWllMURZejEweENIbEZqWEkzcEg2dHJpZnpzLXlKVTg2UDY3Y1dQaTEyajBSM2lEbWg5SHJpM0xFWkdyX1ZzTjdxRXlxbHAzLWlsMU82SzhqRzllTjJnbUs2V2VWNzVDRVlaUFc4SkZYUUc3b3RYMllvbHB6YW1CUzI2b3gxMl95azJxZUkzSDNIdEVyTlAtNWo5NDA?oc=5,"",security_or_conflict,Indian carriers cancel Riyadh flights after Houthi attack on airport.
2026-10-08 13:38:00,Noida Airport: IndiGo Noida-Lucknow flight delayed by four hours after technical snag,The Times of India,https://news.google.com/rss/articles/CBMi7gFBVV95cUxQX3dWVWFWZ1V2WVE2Mzlwb3lNWDVZeDd3eHgwczRWM2ZBZVNndk1fWmhjVjFOS3dkT2VXSVg2ak95ZENRM3lIRC13UFN2V2owZGh4M05kdTVENnV4MnRiV0lBb3cwQWtMRnphelBTaVROWjh0UXNDdTVHcG15aDAyMV9lU2hoeHZLWjZXYjVHT0xXMmFvMzFYYkdqN3NPdzJiNkU0MUJ3emEzZ1UtazRMRXMxUkhEbGY3OHpGR1RvUzVQR0ZuTmNqWlRfdnpGa3laRVR1RzdMMUM1MmUxOTg3dUdOd0dDanN1VXZqV0tn0gHzAUFVX3lxTE1zVE5XVEotQWtwX3hrclV3cmxaZzRmOURIaDBITWc1S0hLX1BCemhHcFRvSUR1OWN2YlBsa2JpM2p4M3RoNFZwUWVjNWk4OGlPVVF4OHYyUGZacVk5aWFoOGRSS2ZKcjNaamk5Uko4MnllOUlZZ0lROXZuQUZXei1DOGgyUEkxMTdlcmgxazFGWVNOUVV5OGhCTkZyempQNkhFeE02cGNOa1ItZ0tGLTVQNWZ2SktWNWU5VGFKeGN2d1htWVBRbjV5MWZFV2ZvM00yb0U3a1ZmR0cxOFNRSDhidFdPTC02dEtLN2NCNTVTQ2RmUQ?oc=5,"",technical_fault,IndiGo flight delayed by four hours after technical snag.
2026-10-08 13:38:00,Noida Airport: IndiGo Noida-Lucknow flight delayed by four hours after technical snag,The Times of India,https://news.google.com/rss/articles/CBMi8wFBVV95cUxNc1ROV1RKLUFrcF94a3JVd3JsWmc0ZjlESGgwSE1nNUtIS19QQnpoR3BUb0lEdTljdmJQbGtiaTNqeDN0aDRWcFFlYzVpODhpT1VReDh2MlBmWnFZOWlhaDhkUktmSnIzWmppOVJKODJ5ZTlJWWdJUTl2bkFGV3otQzhoMlBJMTE3ZXJoMWsxRllTTlFVeThoQk5GcnpqUDZIRXhNNnBjTmtSLWdLRi01UDVmdkpLVjVlOVRhSnhjdndYbVlQUW41eTFmRVdmbzNNMm9FN2tWZkdHMThTUUg4YnRXT0wtNnRLSzdjQjU1U0NkZlHSAfMBQVVfeXFMTXNUTldUSi1Ba3BfeGtyVXdybFpnNGY5REhoMEhNZzVLSEtfUEJ6aEdwVG9JRHU5Y3ZiUGxrYmkzangzdGg0VnBRZWM1aTg4aU9VUXg4djJQZlpxWTlpYWg4ZFJLZkpyM1pqaTlSSjgyeWU5SVlnSVE5dm5BRld6LUM4aDJQSTExN2VyaDFrMUZZU05RVXk4aEJORnJ6alA2SEV4TTZwY05rUi1nS0YtNVA1ZnZKS1Y1ZTlUYUp4Y3Z3WG1ZUFFuNXkxZkVXZm8zTTJvRTdrVmZHRzE4U1FIOGJ0V09MLTZ0S0s3Y0I1NVNDZGZR?oc=5,"",technical_fault,IndiGo flight delayed by four hours after technical snag.
2026-10-08 08:22:02,"IndiGo flight from Patna to Lucknow makes emergency landing after lightning strike at 17,000 feet; nose damaged",The Tribune,https://news.google.com/rss/articles/CBMi8wFBVV95cUxPTTVfT0hsclRHN3lwaVZGeElEeDQzQUc1RFVHWDBIdDlST1luZVU1VW9ISS1HSzhIWFhySDZYM0xvNnpGUnBzaDhLTEZVTDk4Z05iRkh1QTdsdF9JNHkzakhQRnFoUjZlT2Z1OFJqdTMwbmVlRUdWQW12QXIzbUR4YWxuNkhwYlJkVnB0X1AtbnA0djVjOUw4clRWS1BjZlFMMDVoSVMwYXF5bUoycDFjWDZkRnhqOGlDT1N4ODRrSlIyei16Nlp3czZwenVXc2xfLUNLUGZzVFBFY0htUUJaQWgyV2xiNlhacG5qczA3cTJUdlHSAfMBQVVfeXFMT001X09IbHJURzd5cGlWRnhJRHg0M0FHNURVR1gwSHQ5Uk9ZbmVVNVVvSEktR0s4SFhYckg2WDNMbzZ6RlJwc2g4S0xGVUw5OGdOYkZIdUE3bHRfSTR5M2pIUEZxaFI2ZU9mdThSanUzMG5lZUVHVkFtdkFyM21EeGFsbjZIcGJSZFZwdF9QLW5wNHY1YzlMOHJUVktQY2ZRTDA1aElTMGFxeW1KMnAxY1g2ZEZ4ajhpQ09TeDg0a0pSMnotejZad3M2cHp1V3NsXy1DS1Bmc1RQRWNIbVFCWkFoMldsYjZYWnBuanMwN3EyVHZR?oc=5,"",rain_or_storm,IndiGo flight makes emergency landing after lightning strike; nose damaged.
2026-10-06 20:38:06,"Emirates, Etihad, Air India Express Cancel Dubai, Abu Dhabi, Dammam Flights on 16-17 March; Check Status Today",Goodreturns,https://news.google.com/rss/articles/CBMi3AFBVV95cUxNT3VsWFJicWdDVVZybFFGaVYydWIzZ1VfdFR2M0w5T3pQQzJNa0lBakRweFB3UWZ0TzF0UWRPNXFFSEt5ajdVbmhHUkJiaFYwREI5Tm9VX3pOYmhOcjlrVFZ5a3BCd3NkVUNoUkxXdEFpMjZKWnBBRkdLeWtpTmFPUmpKdTljQnRrQlAwb1ZsUXpBQ2Nud3dJdlExdFBmVFZ1TTF5QlVwSmR1RHl0b3htWmZBRWFJX2JHUkFtNm1yMjRsT2w1eTRrVi1fb2RCbFoyV0Z3R0ZDZFRyTGtW?oc=5,"",airline_operations,"Airlines cancel Dubai, Abu Dhabi, and Dammam flights."
2026-10-04 22:45:00,Bird strike on Hyderabad bound flight; Flyers safe,The Times of India,https://news.google.com/rss/articles/CBMivgFBVV95cUxPMmVDaFlweFB0NlhmdHhnUExESmNpWV9PWHYzNWRyM2VXeEZqUktRVHBSWExlWGx3dF9BZ2VjNkZxZlBoU3RjVEtZRGtLMVlwdlBId1E0RVJpWTVkTlZpYl85Zk5ob0dFcVNzcUI5THI3YWlSWEtBQklGeVNaQ3RRMzBQM3NYMHBkOTVRdFdjb0tTckpLR0VERmdMQ2VZQ2lwSDFBOVpPd2ROWEJRSVRKVkRvWGlheW1kYnFMR3dn0gHDAUFVX3lxTFBRSDJrbXVBcTMwQzdXMEYzNnFhVXdOdEljUVhsNU1WcWxid1pDVVJtbGVWdWd0ZlZJYTlIZzdvdEpkaFdJX1JUV0NFNTR0cDJtanFSQ3ZwcWVHY0wycmJIU290MEwyS0M5OTgtLWxpN3MzN01YMWNsYkVSa19UbVFGdUw5Y3BYZWdhRUl6MFdYbXprczVBSkZnalAyZ1U3R0JKeXBmSnFqQ0RQX2ZrOTByZE1qU0h0LTFGMnRNSTZRZGxFOA?oc=5,"",other,Bird strike on Hyderabad bound flight; flyers safe.
2026-10-04 22:36:12,Airlines Clash Over 256 Cancelled International Flights At Mumbai Airport,Trak.in,https://news.google.com/rss/articles/CBMinwFBVV95cUxPRTBEQ20yeHZEclRFaUI4aVlWSjdVSlpNckRQRERRbllTZHp0N21mczFyTUw2XzhVWHdFV1dKNXFMakdLQ3d1c0pGX3lVTkVjaU9lUkxLTW4tY0FYSy1ZS1RGVnpYdEpZaC0yY0pLSGl1a2JTUF9oZ21idE1vbGY4MUpCRGNWQmlrOEdTdVQ3eVF3ckZVVEtPZThqRFhLVjg?oc=5,BOM,airport_or_air_traffic,Airlines clash over 256 cancelled international flights at Mumbai airport.
2026-10-04 20:11:10,Airlines clash over 265 cancelled flights at Mumbai airport | Tap to know more | Inshorts,Inshorts,https://news.google.com/rss/articles/CBMipAFBVV95cUxPcGM3U0lneE9GZFlVdGtJUW1oWTFfd2dTT2ZUbGd4UFRYNEhPYzRwakx6cWtZakFFbFBhNUc0VElkOGt1TmdfWjROdHRia1FyNWFPdlk1SUN6bnNkZ2VLNFk0YWZKYldRb0lfbDRBOU80MVVuLXc1RWR2SFpmOWxLalFiS1UwTTliU0lGTU8tTUM5eDRITHNjSUhpdFBDNkwyajVxWNIBqgFBVV95cUxQZnRqOWVRLW5OUWlZc1VzRDNNXzZycno0enc2dFJhR3prTFk2WEdnZFd1M0tuaGxJbVBOVFFCYW0tVzhYcGljVktRUUVpWnVaeDRXcjFwOVA5RG0yZzBUTXRnN3NXUGFzS3hKRTRBY2E5QS1nM3hhNlh0NkIwVjFjaXRrUXBfaWJQUXE0Mmo0X1RkSXpVNUpCY1VkbU5GVDIzdVkzQjFMcl9udw?oc=5,BOM,airport_or_air_traffic,Airlines clash over 265 cancelled flights at Mumbai airport.
2026-10-04 16:03:19,Bad weather diverts Mumbai-bound flights to Surat and Vadodara,Prop News Time,https://news.google.com/rss/articles/CBMitAFBVV95cUxNQmpiNmViRmpXTmM3b2V0R3FlVW9WWXdXbTRYMlY3MjZEblcxeXJoUDRibmk1UGdUZ0M5TjM5QVZSV0p0ZjFMUHBWcHNIQjJvYTFfNktFLUdURHNJR0E3MXRPQ0hJUHBjbFVYc1UyR09rREdQZGlvcHprcFk2SEtIdXRCRWVoOWZoeGllcUNONlRXcjFOTDNXdER3R1dJUGNVN204Tm1IUW5rQS1ONEZCZFBOOXQ?oc=5,BOM,rain_or_storm,Bad weather diverts Mumbai-bound flights to Surat and Vadodara.
2026-10-04 11:58:40,"UAE flights status update: Emirates, Etihad, Air Arabia, flydubai delays, cancellations as regional tensions persist",Gulf News,https://news.google.com/rss/articles/CBMi9AFBVV95cUxOUUpQR2RPUGF4TlFZdDRRVEwwZDlXN1pJMm1IcDBjZVUyMHFlVlZrSEt5TEtvaXhuclBHMjROWEh2MWZlSjZFblVDR040dENQc25qa0ZBN3dEbFVwUnR6TTltZ3NKMUJ6dmtSMWQ5cGRnLWN5RFdwX3lOUVlyWWEydzA2eG9qVERkMFpJTnF4MS0yY0R1T0w2TXJBTTFYOWo5NW5ERzlsSGtwSjR1bjEyeVlVNUJZdnJON1dPZVJ5cFI4akZmWEkwNXFleXJWVVBUNWEtNGpRMTdKSmZiMWpaSlpZUS1ESzRJMjlkTW1aSVppMUZr0gGHAkFVX3lxTFBabUFza3lUemI5RUVSc1FjU2pYXzlSUDhIR1FESGV1bk1JTUZ1MlpvUk1STDAydDVPSGtXWVFtQ0ZQQkxmQldQdVlqWkZReUZDZzR0MWhlWGJ0RXZLYlNkdzBrQVFpak5KZHk0SmZMbVhxelNZem5hLU5fNGVzb0s4c3h2TmlCc01CdlRRRkRNeDhsWjhpM1ZFOWtFemZGM09nUlprNThnaGxKSnB0RUd6aXpmdy02RmJPWGJRWmozeXh5Ry1pR0dpR2pvTnlVSUtseF9CazhNYW5YZ2FiRXE2Z1M5d3FwX0M5M0EwTkxHYUl5NUVUN3ZnVWtsenZFcTRoV2RHZEhB?oc=5,"",security_or_conflict,UAE flights status update: delays and cancellations as regional tensions persist.
2026-10-03 22:45:00,Mumbai airport to cut a 3rd of weekly international departures from T2 from Oct 25,The Times of India,https://news.google.com/rss/articles/CBMi7wFBVV95cUxPcElheEpkQm9xX3BrUU5XZ2tVSGJnZnVMT0hjUE9QTlJWSlU1cUx3cVVickhQUXREUnhvZW1KbmJNN2tQbTZjbTlQRnA2enRzbXRfdDRKZl9WcUFfeXRfUFQ4ek5HRHNNcGYwNlhvUmlmVEZVRnFZQmQyOHBOMjR6OS1HX0dwOUl3SGEwZ0tBazI2QVQ0RFlHLVN6LVlZU2NHcS1xa21OT3lmY1JGalBlU1htN0k2MEVWYmJCTk44Y0hJWmN5TXpPUW44eGdldXVSRlE2TlZZdkZRM3V6c1VpTHhHR0RIY1JWaUdlY3Yyb9IB9AFBVV95cUxQSlZySDZIM3NucGhSc1ppZkRtN3VId1JYY2tEb2VDZkdqR29fQ2R5dURMVWswci1fbTVFV1QyR0lQTzJyNXE0NVBES0J2VHp5aXJRU21rdk80SHFTc2h5bEl5Z1Fub0l2bDk0bm5NNDBxX1d6SnUtWWQyRUJjanFFb2NIUkVNWjljX0RzazI4UUdGcjJJV29vQWoydnE1R2hqeUwzdGVBLUpIOEtrYzJLR1J2Q3BvbWNyMFNXZTFvNlJ2cXNDdVBOZVZnRjlpZXluZ3ROOTVFWHduZWFKRTBGbjZ0S1dLdDBIMTZoMmZLS0VOT0Zk?oc=5,BOM,airport_or_air_traffic,Mumbai airport to cut a third of weekly international departures from T2.
2026-10-03 20:27:00,Scoot flight to Singapore aborted as pilot detects glitch while taxiing,The Times of India,https://news.google.com/rss/articles/CBMi3wFBVV95cUxPRDhjSU5ySEZmZlNLQUFHaXRNVnlHdmwyeHNrU295M05CNnV3azlGZ2V2SzQ4UVZDTWQ1OHZDZDRDc3NoaDhmWm5pMmpHSlhlcjA3QWxuUTV2TTh1UTZuV1pBVGdad0IzSklWb0pGR0NqMmFtNnFXUzduM25QWEV5aWNfOTZ5ZmRZbUR4X2tSemctWmtWV2ZrSGlQZ1I4b04zZU92U2FyU1czUDNpaFZFaHRtRFY5Y1J2cG5OTTg2cU5hUDZlUVZjNVFYWlp4TUZrM2F2VWEzdlJfZGtNQXl30gHkAUFVX3lxTE54LXJrUnh6blVWRDNGTWcwc3k4a1ZQbC1rQTRBSUlHUDNSeWhSalhVQV92ZUFySk1hMnh6TFhublhWUmdTNVR5djBOTU9kSWg3UlJadC15U0NZU0NmbWdEZmlkS1dLMG9ETVVIaGhza0FvNG03cHlvNTdxMHJTUFZjbTF4dkFGb2ZscEdmQktEb0VHTGdGVkVoWFNoZ0E1Y0VuV2U4N21hZEFGMHh5OWZQMjNweTVlVE5PMW5vYUItVDF6cDFxS1hVU250enJuLW1YaC0tSzlVRkswRHBraHU0MDRvbw?oc=5,"",technical_fault,Scoot flight to Singapore aborted as pilot detects glitch while taxiing.
2026-10-03 19:34:00,Dubai-Pokhara Flydubai flight diverted to Lucknow due to adverse weather,The Times of India,https://news.google.com/rss/articles/CBMi4AFBVV95cUxOYmgtSE1tSDFKejVNREp3S0NTMWNYcVZXQzlTaWlrVWxwVURXSHZUakp1MGVVbnZDelByWk1Udk5XR2pHX25qMnJPWHd0OXFkMFRGMHNvQ09LaTN2blAyUGlmZndhSFIyTGo0My1tOXdic0Zoa2RETVBTV1pTVWVmaUNyVmpnRmZyck5idDhuM2JqSHJUUEpjR2NhN05wTUNzVHhOaGJXTi1senM5SFozcTRZa3BrUFdwc1ZadVMtSGZuUElLRkNGdThYZlZkajVFcDFhN2hrdXllUkdoXzB0etIB5gFBVV95cUxQQVVsdlEtT2IzN25OR2lyMWJxVTdiN0lwcjlUSlNTeVpWVzBnNzN2MFNrci1qMmJNd2J5OFZlR2ZjZVR3VEJBdTE5WXZCdFl0eTVQTzNiV29WTHVXTnVmSHNzeW51N2ZBcG1ZUmVIQ0NrXzlGM19YNnVrbGpOMzN2NkI5RHYtZTMzb3pYUEFjUV9SVW5TUHgwUTducGtUbkhTbFBKLW1mU1NVM293amJ4N01HQm9UdFBWN2phRzVWT2czcHBrbVVUVms2U2RQMHVDM0M3T1lQbF9vdTRzWk0xVmNWWmNSUQ?oc=5,"",rain_or_storm,Dubai-Pokhara Flydubai flight diverted to Lucknow due to adverse weather.
2026-10-03 19:22:23,flydubai Dubai-Phuket flight diverted to Lucknow due to bad weather,India Today,https://news.google.com/rss/articles/CBMizgFBVV95cUxQdTVQcUptNlhoNmNQR2pPbm5Id0t2aERCanFveG9Wc3ZPZ3lyMDZtNUswUHFKaERNbHp2eTdSMDkzTllVNkJ2OU13R0ZhajNaOS1CaW5xLVBGdEFCQ1dCM1FobjlXb1JJUTlkbXY5TmhJS3RuVWN4c2VLZ25nRjJCLVI3SXdDVE5DYUhSUUxOUVNtZmxINERzaDVMUmZtVjZqR2cwNTJiZ0wyWnlfdWdQWjNETDZqTk1OdVY1TTNkcHRfTDZNTC1GenIwakM2Z9IB0wFBVV95cUxPZlByVVJTdm5nMnc0dVR5dk42VGNDUl8xQndhSVZpalNGNUlxTEhlbVNlTnpHMTNQYWFjNnZBQ0FKRFppWk1GbWZCNFItSk5QNGh4blY3UVgyMm8xbVVlV0M1ZnJDMWlNWkNiWkpMZV9ySGpLZ0dQcXU5VU9mRVBIcGh4clNiWUpVbVlSclBpc1BTZkJ5MjhvV3BhZUZZNFdFUVlWWEQ4OVR5c3V0SWZibUNOWjlMOUtJWmdfbTE3b1B0TFRUWGowSTRQN0dWN3FRM2hr?oc=5,"",rain_or_storm,Flydubai Dubai-Phuket flight diverted to Lucknow due to bad weather.
2026-10-03 18:37:04,Airlines oppose Mumbai airport’s proposed 265 weekly flight cuts from T2,Business Upturn,https://news.google.com/rss/articles/CBMitwFBVV95cUxOR3hGS3E2U0tlLXFXZUJsRWlLZS1YdHVzaERIRkdGWDNZQ0xsUzJZTTAzTVhQOFJDQWZfMUZMSk9CVjg2bEJXYmNxcVpSUFEwY1NhZ3YzZU5oYnZvN2dPTzRjai10c0NFXzUwbDdBU1ZBU0RTTzl3MFdhYzl6WFlCY2VqdzhuN0ZtVW1VV3JkNWVsSFJ1TmJaVVZRblRjcUtMdjF4RmR4NnMwLVpOcE54UlljQTBSMGM?oc=5,BOM,airport_or_air_traffic,Airlines oppose Mumbai airport's proposed 265 weekly flight cuts from T2.
2026-10-03 16:37:57,"Airlines reject Mumbai Airport's proposed flight cancellations at T2, warn of disruption and passenger trouble",CNBC TV18,https://news.google.com/rss/articles/CBMi8gFBVV95cUxNN3QtVXlMTndxVDVzTUpKRHZTQ2I4NEVPLXFISUV4Qm5jMENfR09NbGJvSEZiQ1ZwMi1fc0RvWnc0bVFWbEc0eGxtbFBSTFptR2Q3U1NmS25FMm5GZm1ERF93emc4WlUyUkxRdmhBZmVaNzFvZnk2T2c4eEVOMU1TZ2poZy1CYXYyMGlIclFWTHR4SDFfazcyUHNCeE15Wk11b0JjS3FXeE55QkwzV0JVMTNQVEM4TTlZVHBLMnQ0MHN0Mk1vLWlYc3ptbFgyMjFfb202YWlZUWdvMXdwdTdGaHFEbmdCeHpUaDE1MkRQZC1VUdIB9wFBVV95cUxNVmc1YWNhcmVOY0F3cUxHNG1Xd2g1YWNXRVhFNlJ0TjVsLTV6VXBUMEtvMlVPdXRNbGpPZ1hwSWpaUVdVNzl5X2ZjYmNiQl9JYU1HQ0VZdUxnbWN3bWFjN3lpY1RQTVRtdF9CUGowWFVzdWxwVVJYdTVKMFhNSWR2dTdxUzRrSFRNTDZJQzFvdThJQmZlemh1WUc2dFpDb1VyX2dMSHdfb2xlR21wWnliRW5fX1psbkV3b2pvakJKVXEyUmFZZFQyVG5mQ1hieEhzUUlvMHhkT2xMMGllOFhfSjNWSjB2WlFLRVcwc3FGMXV6b3FUYzFV?oc=5,BOM,airport_or_air_traffic,Airlines reject Mumbai Airport's proposed flight cancellations at T2.
2026-10-03 08:48:24,265 weekly international flights to be cancelled at Mumbai airport from Oct 25 | Redevelopment of T1 is set to start in Jan 2027 | Inshorts,Inshorts,https://news.google.com/rss/articles/CBMiwwFBVV95cUxPT3NTdzhHaGNncGV5R3ludS1mU0x2bUNrcjh2WDFCOWFDZEVfR3F1LUJpenBnakRXbnptY3lSQ20xR1lRTXdjcFc2RlhiTVdZU2cxR25yelA2QjE5U0hvVlZHaXNGaHE4UXBOSlItLXlCUTc4VG1meG5CN29nQi1QOERjcHZQajd5QXBnZ094RHltSHdEdEpaOWtQbnJCYWR5VEFBQUVwa3lNQTN1UzBaTFc5dWxBdUU4eDhjdWVXRDlfOUnSAcMBQVVfeXFMT09zU3c4R2hjZ3BleUd5bnUtZlNMdm1Da3I4dlgxQjlhQ2RFX0dxdS1CaXpwZ2pEV256bWN5UkNtMUdZUU13Y3BXNkZYYk1XWVNnMUducnpQNkIxOVNIb1ZWR2lzRmhxOFFwTkpSLS15QlE3OFRtZnhuQjdvZ0ItUDhEY3B2UGo3eUFwZ2dPeER5bUh3RHRKWjlrUG5yQmFkeVRBQUFFcGt5TUEzdVMwWkxXOXVsQXVFOHg4Y3VlV0Q5XzlJ?oc=5,BOM,airport_or_air_traffic,265 weekly international flights to be cancelled at Mumbai airport from Oct 25.
