airport,weather_time,temperature_c,humidity_pct,precipitation_mm,wind_speed_kmh,wind_gusts_kmh,visibility_m,cloud_cover_pct,weather_code,weather_condition
BLR,2026-10-05 00:00:00,22.9,81.0,0.00,8.2,13.0,16000.0,52.0,2,dry and calm
BLR,2026-10-05 01:00:00,22.5,82.0,0.00,7.3,13.0,15620.0,48.0,1,dry and calm
BLR,2026-10-05 02:00:00,22.2,83.0,0.00,8.5,13.7,13460.0,30.0,1,dry and calm
BLR,2026-10-05 03:00:00,21.9,84.0,0.00,7.8,14.0,12320.0,30.0,1,dry and calm
BLR,2026-10-05 04:00:00,21.5,87.0,0.00,7.4,12.6,10500.0,33.0,1,dry and calm
BLR,2026-10-05 05:00:00,21.5,90.0,0.00,8.2,11.9,11640.0,17.0,0,dry and calm
BLR,2026-10-05 06:00:00,21.4,92.0,0.00,8.8,13.7,11840.0,16.0,0,dry and calm
BLR,2026-10-05 07:00:00,22.9,83.0,0.00,9.9,19.4,16240.0,6.0,0,dry and calm
BLR,2026-10-05 08:00:00,24.2,78.0,0.00,9.5,21.6,18800.0,8.0,0,dry and calm
BLR,2026-10-05 09:00:00,25.8,71.0,0.00,7.8,22.3,18820.0,18.0,0,dry and calm
BLR,2026-10-05 10:00:00,27.3,65.0,0.00,4.8,21.6,12060.0,13.0,0,dry and calm
BLR,2026-10-05 11:00:00,27.8,61.0,0.00,1.3,19.4,13600.0,36.0,1,dry and calm
BLR,2026-10-05 12:00:00,29.0,56.0,0.00,3.0,15.8,13520.0,52.0,2,dry and calm
BLR,2026-10-05 13:00:00,25.3,72.0,2.30,14.5,28.1,2980.0,95.0,95,thunderstorm
BLR,2026-10-05 14:00:00,23.5,90.0,1.50,6.3,32.8,3980.0,94.0,80,light rain
BLR,2026-10-05 15:00:00,24.7,76.0,0.50,11.2,23.8,5440.0,84.0,53,light rain
BLR,2026-10-05 16:00:00,25.0,72.0,0.20,8.5,23.8,12980.0,95.0,51,light rain
BLR,2026-10-05 17:00:00,24.6,80.0,0.00,5.6,16.9,19040.0,99.0,3,dry and calm
BLR,2026-10-05 18:00:00,23.3,85.0,0.00,6.2,10.4,4880.0,98.0,3,dry and calm
BLR,2026-10-05 19:00:00,21.9,93.0,0.50,10.0,17.6,4020.0,98.0,53,light rain
BLR,2026-10-05 20:00:00,20.3,96.0,0.80,9.6,28.8,3440.0,97.0,53,light rain
BLR,2026-10-05 21:00:00,20.4,96.0,0.30,3.4,15.8,4820.0,98.0,51,light rain
BLR,2026-10-05 22:00:00,20.3,97.0,0.10,2.2,12.6,7800.0,87.0,51,light rain
BLR,2026-10-05 23:00:00,21.2,96.0,0.00,2.7,4.0,5900.0,99.0,3,dry and calm
BLR,2026-10-06 00:00:00,21.1,97.0,0.20,3.4,5.8,5560.0,99.0,51,light rain
BLR,2026-10-06 01:00:00,21.0,97.0,0.10,3.7,8.6,5380.0,99.0,51,light rain
BLR,2026-10-06 02:00:00,20.9,97.0,0.10,3.2,5.8,6100.0,99.0,51,light rain
BLR,2026-10-06 03:00:00,20.8,96.0,0.10,2.1,5.4,6680.0,99.0,51,light rain
BLR,2026-10-06 04:00:00,20.7,95.0,0.10,1.1,4.0,9680.0,100.0,51,light rain
BLR,2026-10-06 05:00:00,20.5,97.0,0.00,1.5,2.5,8160.0,100.0,3,dry and calm
BLR,2026-10-06 06:00:00,20.3,98.0,0.00,3.5,6.1,8100.0,98.0,3,dry and calm
BLR,2026-10-06 07:00:00,21.6,90.0,0.00,5.6,12.2,14220.0,79.0,2,dry and calm
BLR,2026-10-06 08:00:00,23.4,80.0,0.00,5.2,14.8,14880.0,17.0,0,dry and calm
BLR,2026-10-06 09:00:00,25.3,69.0,0.00,3.4,15.5,11120.0,24.0,1,dry and calm
BLR,2026-10-06 10:00:00,26.8,63.0,0.00,2.2,20.9,11060.0,17.0,0,dry and calm
BLR,2026-10-06 11:00:00,27.5,54.0,0.00,9.9,23.8,8320.0,48.0,1,dry and calm
BLR,2026-10-06 12:00:00,28.2,52.0,0.20,10.4,24.1,6380.0,38.0,51,light rain
BLR,2026-10-06 13:00:00,28.3,52.0,0.30,11.0,26.6,6000.0,61.0,51,light rain
BLR,2026-10-06 14:00:00,28.6,52.0,0.10,9.1,25.9,23000.0,43.0,51,light rain
BLR,2026-10-06 15:00:00,28.4,51.0,0.00,8.4,22.0,8360.0,34.0,1,dry and calm
BLR,2026-10-06 16:00:00,27.8,53.0,0.10,7.6,19.8,13980.0,31.0,51,light rain
BLR,2026-10-06 17:00:00,26.5,58.0,0.60,6.7,28.4,22940.0,15.0,53,light rain
BLR,2026-10-06 18:00:00,24.6,65.0,0.00,5.2,11.5,22820.0,13.0,0,dry and calm
BLR,2026-10-06 19:00:00,24.5,63.0,0.00,10.3,14.0,20720.0,26.0,1,dry and calm
BLR,2026-10-06 20:00:00,23.5,72.0,0.00,11.4,22.0,18520.0,13.0,0,dry and calm
BLR,2026-10-06 21:00:00,22.8,76.0,0.00,8.4,18.4,18480.0,13.0,0,dry and calm
BLR,2026-10-06 22:00:00,22.3,78.0,0.00,7.2,13.3,18460.0,19.0,0,dry and calm
BLR,2026-10-06 23:00:00,22.5,84.0,0.00,9.7,13.0,16060.0,13.0,0,dry and calm
BLR,2026-10-07 00:00:00,21.9,87.0,0.00,10.1,16.6,14120.0,13.0,0,dry and calm
BLR,2026-10-07 01:00:00,21.3,89.0,0.00,7.8,16.2,14140.0,10.0,0,dry and calm
BLR,2026-10-07 02:00:00,20.8,91.0,0.00,6.3,12.2,14120.0,14.0,0,dry and calm
BLR,2026-10-07 03:00:00,20.6,93.0,0.00,7.1,11.2,11700.0,28.0,1,dry and calm
BLR,2026-10-07 04:00:00,20.3,95.0,0.00,6.6,11.5,11700.0,12.0,0,dry and calm
BLR,2026-10-07 05:00:00,20.7,95.0,0.00,7.6,10.4,11660.0,24.0,1,dry and calm
BLR,2026-10-07 06:00:00,20.7,96.0,0.00,5.9,11.9,7900.0,76.0,2,dry and calm
BLR,2026-10-07 07:00:00,22.7,86.0,0.00,9.6,19.1,13920.0,69.0,2,dry and calm
BLR,2026-10-07 08:00:00,24.3,78.0,0.00,9.2,20.5,18240.0,40.0,1,dry and calm
BLR,2026-10-07 09:00:00,25.9,68.0,0.00,10.5,23.4,7260.0,30.0,1,dry and calm
BLR,2026-10-07 10:00:00,26.8,63.0,0.30,11.5,25.6,6460.0,32.0,51,light rain
BLR,2026-10-07 11:00:00,27.9,53.0,0.20,10.4,25.9,10720.0,23.0,51,light rain
BLR,2026-10-07 12:00:00,28.6,49.0,0.00,9.5,24.1,14340.0,19.0,0,dry and calm
BLR,2026-10-07 13:00:00,29.2,47.0,0.00,10.2,23.8,16140.0,14.0,0,dry and calm
BLR,2026-10-07 14:00:00,29.2,47.0,0.00,10.5,24.5,25340.0,23.0,1,dry and calm
BLR,2026-10-07 15:00:00,28.9,47.0,0.00,9.5,23.8,25380.0,13.0,0,dry and calm
BLR,2026-10-07 16:00:00,28.3,49.0,0.00,9.6,20.5,14480.0,23.0,1,dry and calm
BLR,2026-10-07 17:00:00,27.4,55.0,0.00,8.0,18.7,22480.0,18.0,0,dry and calm
BLR,2026-10-07 18:00:00,25.5,61.0,0.00,7.1,13.3,22380.0,13.0,0,dry and calm
BLR,2026-10-07 19:00:00,24.7,62.0,0.00,11.2,17.6,20340.0,3.0,0,dry and calm
BLR,2026-10-07 20:00:00,23.8,68.0,0.00,10.6,18.0,20220.0,5.0,0,dry and calm
BLR,2026-10-07 21:00:00,23.2,73.0,0.00,12.1,19.1,18100.0,7.0,0,dry and calm
BLR,2026-10-07 22:00:00,22.7,79.0,0.00,12.9,21.6,18080.0,13.0,0,dry and calm
BLR,2026-10-07 23:00:00,22.4,86.0,0.00,12.8,21.2,13780.0,8.0,0,dry and calm
BLR,2026-10-08 00:00:00,21.7,91.0,0.00,11.1,20.9,11460.0,27.0,1,dry and calm
BLR,2026-10-08 01:00:00,21.1,95.0,0.00,9.6,18.4,11480.0,5.0,0,dry and calm
BLR,2026-10-08 02:00:00,20.7,98.0,0.00,7.7,15.5,7840.0,27.0,1,dry and calm
BLR,2026-10-08 03:00:00,20.4,98.0,0.00,8.2,13.3,7840.0,95.0,3,dry and calm
BLR,2026-10-08 04:00:00,20.4,99.0,0.00,8.9,14.4,7740.0,100.0,3,dry and calm
BLR,2026-10-08 05:00:00,21.1,95.0,0.00,11.0,19.1,7540.0,100.0,3,dry and calm
BLR,2026-10-08 06:00:00,21.0,95.0,0.00,9.1,18.0,11120.0,100.0,3,dry and calm
BLR,2026-10-08 07:00:00,22.1,88.0,0.00,9.3,18.7,13560.0,59.0,2,dry and calm
BLR,2026-10-08 08:00:00,24.1,77.0,0.00,7.8,19.8,17960.0,56.0,2,dry and calm
BLR,2026-10-08 09:00:00,26.0,64.0,0.00,9.2,21.6,19960.0,79.0,2,dry and calm
BLR,2026-10-08 10:00:00,27.6,55.0,0.00,10.6,25.9,21920.0,89.0,3,dry and calm
BLR,2026-10-08 11:00:00,28.5,50.0,0.00,11.5,26.6,10320.0,95.0,3,dry and calm
BLR,2026-10-08 12:00:00,29.1,48.0,0.10,10.7,26.6,9220.0,82.0,51,light rain
BLR,2026-10-08 13:00:00,29.6,48.0,0.10,10.5,25.6,7940.0,65.0,51,light rain
BLR,2026-10-08 14:00:00,29.5,48.0,0.20,9.7,24.5,7820.0,27.0,51,light rain
BLR,2026-10-08 15:00:00,29.3,47.0,0.10,9.5,22.7,10000.0,22.0,51,light rain
BLR,2026-10-08 16:00:00,29.0,47.0,0.00,8.3,21.2,14780.0,15.0,0,dry and calm
BLR,2026-10-08 17:00:00,27.7,53.0,0.00,8.8,17.6,16100.0,36.0,1,dry and calm
BLR,2026-10-08 18:00:00,26.1,57.0,0.00,10.4,16.2,22180.0,61.0,2,dry and calm
BLR,2026-10-08 19:00:00,25.5,59.0,0.00,11.7,19.1,22040.0,55.0,2,dry and calm
BLR,2026-10-08 20:00:00,24.8,64.0,0.00,11.2,18.7,20020.0,73.0,2,dry and calm
BLR,2026-10-08 21:00:00,23.8,72.0,0.00,10.7,19.1,17940.0,80.0,3,dry and calm
BLR,2026-10-08 22:00:00,23.0,79.0,0.00,9.3,17.3,17940.0,64.0,2,dry and calm
BLR,2026-10-08 23:00:00,23.0,83.0,0.00,8.8,14.8,15580.0,98.0,3,dry and calm
BLR,2026-10-09 00:00:00,22.3,89.0,0.00,7.6,14.4,13680.0,98.0,3,dry and calm
BLR,2026-10-09 01:00:00,22.0,91.0,0.00,7.2,13.0,11380.0,98.0,3,dry and calm
BLR,2026-10-09 02:00:00,21.6,95.0,0.00,5.0,11.5,11400.0,96.0,3,dry and calm
BLR,2026-10-09 03:00:00,21.3,97.0,0.00,5.9,9.4,7780.0,90.0,3,dry and calm
BLR,2026-10-09 04:00:00,21.0,98.0,0.00,5.9,9.7,7700.0,96.0,3,dry and calm
BLR,2026-10-09 05:00:00,21.1,98.0,0.00,6.4,10.4,7620.0,95.0,3,dry and calm
BLR,2026-10-09 06:00:00,21.0,98.0,0.00,6.6,10.1,7660.0,97.0,3,dry and calm
BLR,2026-10-09 07:00:00,22.8,87.0,0.00,7.7,16.2,13420.0,99.0,3,dry and calm
BLR,2026-10-09 08:00:00,24.5,76.0,0.00,7.9,19.1,14860.0,93.0,3,dry and calm
BLR,2026-10-09 09:00:00,26.4,64.0,0.00,10.2,25.2,13360.0,88.0,3,dry and calm
BLR,2026-10-09 10:00:00,28.0,57.0,0.00,11.1,28.1,17500.0,32.0,1,dry and calm
BLR,2026-10-09 11:00:00,28.1,55.0,0.20,12.0,28.1,6120.0,41.0,51,light rain
BLR,2026-10-09 12:00:00,28.5,53.0,0.20,11.5,27.4,15460.0,68.0,51,light rain
BLR,2026-10-09 13:00:00,29.0,50.0,0.10,12.4,28.1,9540.0,21.0,51,light rain
BLR,2026-10-09 14:00:00,29.9,45.0,0.10,10.2,27.0,13420.0,41.0,51,light rain
BLR,2026-10-09 15:00:00,29.6,43.0,0.10,13.0,25.6,8260.0,84.0,51,light rain
BLR,2026-10-09 16:00:00,29.4,41.0,0.10,13.4,26.6,28000.0,98.0,51,light rain
BLR,2026-10-09 17:00:00,28.2,46.0,0.00,9.2,24.1,24960.0,99.0,3,dry and calm
BLR,2026-10-09 18:00:00,25.8,54.0,0.00,5.3,15.1,24820.0,100.0,3,dry and calm
BLR,2026-10-09 19:00:00,24.8,58.0,0.00,5.5,7.9,21940.0,98.0,3,dry and calm
BLR,2026-10-09 20:00:00,24.4,58.0,0.00,7.5,11.5,21820.0,86.0,3,dry and calm
BLR,2026-10-09 21:00:00,23.5,64.0,0.00,7.4,12.6,19840.0,89.0,3,dry and calm
BLR,2026-10-09 22:00:00,22.4,78.0,0.00,5.5,11.5,17780.0,98.0,3,dry and calm
BLR,2026-10-09 23:00:00,21.7,86.0,0.00,5.7,9.0,15420.0,98.0,3,dry and calm
BLR,2026-10-10 00:00:00,21.3,90.0,0.00,5.8,10.1,13540.0,98.0,3,dry and calm
BLR,2026-10-10 01:00:00,20.8,94.0,0.00,3.9,9.0,11280.0,100.0,3,dry and calm
BLR,2026-10-10 02:00:00,20.3,97.0,0.00,3.6,5.8,7700.0,100.0,3,dry and calm
BLR,2026-10-10 03:00:00,20.0,98.0,0.00,3.5,5.4,7720.0,100.0,3,dry and calm
BLR,2026-10-10 04:00:00,19.9,99.0,0.00,5.0,8.3,7720.0,98.0,3,dry and calm
BLR,2026-10-10 05:00:00,19.9,99.0,0.00,4.1,8.3,4180.0,100.0,3,dry and calm
BLR,2026-10-10 06:00:00,20.1,99.0,0.00,5.6,7.9,1720.0,100.0,3,dry and calm
BLR,2026-10-10 07:00:00,21.7,92.0,0.00,7.5,15.8,11200.0,100.0,3,dry and calm
BLR,2026-10-10 08:00:00,23.9,80.0,0.00,8.4,18.7,17720.0,98.0,3,dry and calm
BLR,2026-10-10 09:00:00,26.0,62.0,0.00,13.7,27.4,19000.0,96.0,3,dry and calm
BLR,2026-10-10 10:00:00,27.6,50.0,0.00,17.6,34.6,18120.0,88.0,3,dry and calm
BLR,2026-10-10 11:00:00,28.9,42.0,0.00,18.7,37.1,11020.0,44.0,1,dry and calm
BLR,2026-10-10 12:00:00,29.6,39.0,0.00,18.1,37.1,27580.0,97.0,3,dry and calm
BLR,2026-10-10 13:00:00,29.9,38.0,0.00,17.3,35.6,27700.0,100.0,3,dry and calm
BLR,2026-10-10 14:00:00,29.9,38.0,0.00,16.9,34.2,27840.0,99.0,3,dry and calm
BLR,2026-10-10 15:00:00,29.4,39.0,0.00,16.9,33.1,27860.0,98.0,3,dry and calm
BLR,2026-10-10 16:00:00,28.6,41.0,0.00,15.7,32.0,27820.0,95.0,3,dry and calm
BLR,2026-10-10 17:00:00,27.7,44.0,0.00,14.8,28.1,24740.0,84.0,3,dry and calm
BLR,2026-10-10 18:00:00,25.6,51.0,0.00,15.7,25.9,24620.0,95.0,3,dry and calm
BLR,2026-10-10 19:00:00,24.8,54.0,0.00,15.1,25.9,21740.0,91.0,3,dry and calm
BLR,2026-10-10 20:00:00,24.0,60.0,0.00,12.8,25.2,21600.0,93.0,3,dry and calm
BLR,2026-10-10 21:00:00,23.1,66.0,0.00,10.1,20.9,19640.0,78.0,2,dry and calm
BLR,2026-10-10 22:00:00,22.2,71.0,0.00,7.5,16.2,19620.0,69.0,2,dry and calm
BLR,2026-10-10 23:00:00,21.5,76.0,0.00,6.8,11.9,17620.0,11.0,0,dry and calm
BLR,2026-10-11 00:00:00,21.0,79.0,0.00,7.5,11.9,17660.0,9.0,0,dry and calm
BLR,2026-10-11 01:00:00,20.5,82.0,0.00,7.2,11.9,17720.0,1.0,0,dry and calm
BLR,2026-10-11 02:00:00,20.2,84.0,0.00,6.6,11.5,15360.0,10.0,0,dry and calm
BLR,2026-10-11 03:00:00,19.6,87.0,0.00,6.7,10.8,13480.0,2.0,0,dry and calm
BLR,2026-10-11 04:00:00,19.2,90.0,0.00,7.2,11.5,13460.0,27.0,1,dry and calm
BLR,2026-10-11 05:00:00,19.0,90.0,0.00,7.0,11.5,13420.0,6.0,0,dry and calm
BLR,2026-10-11 06:00:00,19.2,88.0,0.00,8.1,12.2,13340.0,1.0,0,dry and calm
BLR,2026-10-11 07:00:00,22.0,73.0,0.00,8.7,16.9,17500.0,6.0,0,dry and calm
BLR,2026-10-11 08:00:00,25.0,52.0,0.00,13.0,24.8,21340.0,14.0,0,dry and calm
BLR,2026-10-11 09:00:00,26.9,44.0,0.00,18.0,34.2,24020.0,30.0,1,dry and calm
BLR,2026-10-11 10:00:00,28.4,39.0,0.00,19.9,38.5,26900.0,36.0,1,dry and calm
BLR,2026-10-11 11:00:00,29.5,35.0,0.00,20.7,40.3,27040.0,27.0,1,dry and calm
BLR,2026-10-11 12:00:00,30.0,33.0,0.00,20.8,41.0,27180.0,47.0,1,dry and calm
BLR,2026-10-11 13:00:00,30.3,33.0,0.00,19.0,40.3,27300.0,37.0,1,dry and calm
BLR,2026-10-11 14:00:00,30.3,33.0,0.00,18.7,37.4,27400.0,25.0,1,dry and calm
BLR,2026-10-11 15:00:00,29.8,34.0,0.00,19.1,36.4,27420.0,5.0,0,dry and calm
BLR,2026-10-11 16:00:00,29.0,36.0,0.00,18.4,35.6,27380.0,15.0,0,dry and calm
BLR,2026-10-11 17:00:00,27.5,42.0,0.00,17.9,33.1,24380.0,1.0,0,dry and calm
BLR,2026-10-11 18:00:00,25.7,50.0,0.00,16.1,30.2,24240.0,0.0,0,dry and calm
BLR,2026-10-11 19:00:00,24.5,55.0,0.00,16.2,28.1,21400.0,0.0,0,dry and calm
BLR,2026-10-11 20:00:00,23.8,57.0,0.00,13.3,26.6,21300.0,0.0,0,dry and calm
BLR,2026-10-11 21:00:00,23.2,60.0,0.00,13.0,21.6,21220.0,0.0,0,dry and calm
BLR,2026-10-11 22:00:00,22.3,66.0,0.00,11.9,21.2,19320.0,0.0,0,dry and calm
BLR,2026-10-11 23:00:00,21.5,73.0,0.00,10.1,19.4,17320.0,0.0,0,dry and calm
BOM,2026-10-05 00:00:00,28.3,55.0,0.00,5.8,16.6,16820.0,0.0,0,dry and calm
BOM,2026-10-05 01:00:00,27.8,57.0,0.00,4.9,12.2,16820.0,0.0,0,dry and calm
BOM,2026-10-05 02:00:00,27.4,58.0,0.00,3.8,10.1,16800.0,0.0,0,dry and calm
BOM,2026-10-05 03:00:00,27.0,60.0,0.00,4.1,9.0,16780.0,0.0,0,dry and calm
BOM,2026-10-05 04:00:00,26.6,62.0,0.00,6.3,12.6,15260.0,1.0,0,dry and calm
BOM,2026-10-05 05:00:00,27.1,67.0,0.00,8.4,15.5,15260.0,3.0,0,dry and calm
BOM,2026-10-05 06:00:00,26.8,70.0,0.00,8.5,16.9,15240.0,0.0,0,dry and calm
BOM,2026-10-05 07:00:00,27.4,69.0,0.00,8.0,17.6,15220.0,0.0,0,dry and calm
BOM,2026-10-05 08:00:00,29.3,65.0,0.00,7.3,19.1,15220.0,0.0,0,dry and calm
BOM,2026-10-05 09:00:00,31.3,56.0,0.00,9.4,26.3,16700.0,0.0,0,dry and calm
BOM,2026-10-05 10:00:00,32.7,49.0,0.00,8.1,27.0,18880.0,0.0,0,dry and calm
BOM,2026-10-05 11:00:00,34.4,43.0,0.00,7.3,25.9,18860.0,41.0,1,dry and calm
BOM,2026-10-05 12:00:00,34.3,46.0,0.00,9.3,28.8,13500.0,27.0,1,dry and calm
BOM,2026-10-05 13:00:00,32.0,56.0,0.00,12.8,36.0,2800.0,45.0,1,dry and calm
BOM,2026-10-05 14:00:00,32.4,64.0,1.10,13.7,37.4,8680.0,18.0,55,light rain
BOM,2026-10-05 15:00:00,32.3,61.0,0.00,13.9,38.9,15140.0,15.0,0,dry and calm
BOM,2026-10-05 16:00:00,31.9,61.0,0.00,10.9,37.1,15120.0,15.0,0,dry and calm
BOM,2026-10-05 17:00:00,31.6,62.0,0.00,14.0,29.5,16600.0,4.0,0,dry and calm
BOM,2026-10-05 18:00:00,30.9,65.0,0.00,12.8,33.8,15100.0,5.0,0,dry and calm
BOM,2026-10-05 19:00:00,30.3,70.0,0.00,10.7,30.6,15080.0,10.0,0,dry and calm
BOM,2026-10-05 20:00:00,30.0,72.0,0.00,10.6,25.6,13480.0,2.0,0,dry and calm
BOM,2026-10-05 21:00:00,29.5,74.0,0.00,9.0,24.5,13480.0,1.0,0,dry and calm
BOM,2026-10-05 22:00:00,29.0,77.0,0.00,7.0,20.9,13460.0,0.0,0,dry and calm
BOM,2026-10-05 23:00:00,28.8,76.0,0.00,7.2,16.6,13460.0,0.0,0,dry and calm
BOM,2026-10-06 00:00:00,28.2,79.0,0.00,6.8,16.2,13440.0,0.0,0,dry and calm
BOM,2026-10-06 01:00:00,27.9,80.0,0.00,7.1,15.8,13440.0,0.0,0,dry and calm
BOM,2026-10-06 02:00:00,27.7,79.0,0.00,7.6,15.8,13420.0,0.0,0,dry and calm
BOM,2026-10-06 03:00:00,27.7,78.0,0.00,8.0,16.6,13420.0,1.0,0,dry and calm
BOM,2026-10-06 04:00:00,27.4,79.0,0.00,7.2,16.6,13400.0,2.0,0,dry and calm
BOM,2026-10-06 05:00:00,27.4,77.0,0.00,6.9,14.8,13220.0,13.0,0,dry and calm
BOM,2026-10-06 06:00:00,27.1,79.0,0.00,6.5,14.0,13040.0,16.0,0,dry and calm
BOM,2026-10-06 07:00:00,27.6,76.0,0.00,5.2,13.7,13160.0,17.0,0,dry and calm
BOM,2026-10-06 08:00:00,29.1,67.0,0.00,5.9,18.0,14640.0,24.0,1,dry and calm
BOM,2026-10-06 09:00:00,30.9,59.0,0.00,6.5,22.0,14920.0,15.0,0,dry and calm
BOM,2026-10-06 10:00:00,32.3,54.0,0.00,6.2,23.8,16380.0,3.0,0,dry and calm
BOM,2026-10-06 11:00:00,33.5,51.0,0.00,8.7,23.8,16360.0,5.0,0,dry and calm
BOM,2026-10-06 12:00:00,33.6,53.0,0.00,9.7,33.8,16360.0,12.0,0,dry and calm
BOM,2026-10-06 13:00:00,33.3,56.0,0.00,10.8,34.2,15960.0,45.0,1,dry and calm
BOM,2026-10-06 14:00:00,32.5,58.0,0.30,11.6,34.6,6720.0,27.0,51,light rain
BOM,2026-10-06 15:00:00,31.8,63.0,0.10,12.7,36.0,12800.0,16.0,51,light rain
BOM,2026-10-06 16:00:00,31.3,64.0,0.00,12.1,35.6,11140.0,13.0,0,dry and calm
BOM,2026-10-06 17:00:00,30.8,68.0,0.00,13.3,33.1,14220.0,23.0,1,dry and calm
BOM,2026-10-06 18:00:00,29.9,73.0,0.00,11.3,32.4,13220.0,9.0,0,dry and calm
BOM,2026-10-06 19:00:00,29.6,74.0,0.00,9.2,27.0,13240.0,5.0,0,dry and calm
BOM,2026-10-06 20:00:00,29.2,77.0,0.00,9.6,23.4,13240.0,3.0,0,dry and calm
BOM,2026-10-06 21:00:00,28.8,79.0,0.00,7.4,22.3,13220.0,2.0,0,dry and calm
BOM,2026-10-06 22:00:00,28.3,82.0,0.00,5.2,16.6,11440.0,1.0,0,dry and calm
BOM,2026-10-06 23:00:00,28.2,84.0,0.00,6.4,12.2,11420.0,1.0,0,dry and calm
BOM,2026-10-07 00:00:00,27.8,85.0,0.00,5.9,13.7,10020.0,23.0,1,dry and calm
BOM,2026-10-07 01:00:00,27.6,85.0,0.00,4.7,12.2,11400.0,59.0,2,dry and calm
BOM,2026-10-07 02:00:00,27.6,83.0,0.00,6.3,13.3,11400.0,84.0,3,dry and calm
BOM,2026-10-07 03:00:00,27.5,82.0,0.00,6.6,15.5,11380.0,47.0,1,dry and calm
BOM,2026-10-07 04:00:00,27.3,83.0,0.00,6.2,13.7,11380.0,65.0,2,dry and calm
BOM,2026-10-07 05:00:00,27.1,84.0,0.00,3.7,14.0,11360.0,29.0,1,dry and calm
BOM,2026-10-07 06:00:00,26.9,86.0,0.00,5.1,10.8,9960.0,50.0,2,dry and calm
BOM,2026-10-07 07:00:00,27.4,83.0,0.00,5.4,13.7,11360.0,46.0,1,dry and calm
BOM,2026-10-07 08:00:00,29.0,76.0,0.00,5.3,16.9,13100.0,7.0,0,dry and calm
BOM,2026-10-07 09:00:00,31.4,65.0,0.00,5.6,20.2,14640.0,2.0,0,dry and calm
BOM,2026-10-07 10:00:00,33.8,50.0,0.00,3.7,20.2,18220.0,0.0,0,dry and calm
BOM,2026-10-07 11:00:00,36.2,35.0,0.00,4.9,19.4,8120.0,33.0,1,dry and calm
BOM,2026-10-07 12:00:00,36.0,33.0,0.00,5.2,21.2,11700.0,25.0,1,dry and calm
BOM,2026-10-07 13:00:00,35.6,32.0,0.30,6.9,23.8,4440.0,27.0,51,light rain
BOM,2026-10-07 14:00:00,34.7,41.0,0.50,7.9,26.3,6260.0,18.0,53,light rain
BOM,2026-10-07 15:00:00,34.2,47.0,0.20,7.2,25.9,11360.0,8.0,51,light rain
BOM,2026-10-07 16:00:00,33.3,53.0,0.00,9.5,26.3,16000.0,10.0,0,dry and calm
BOM,2026-10-07 17:00:00,33.5,50.0,0.00,10.1,27.0,18120.0,19.0,0,dry and calm
BOM,2026-10-07 18:00:00,32.2,58.0,0.00,7.8,24.8,15980.0,11.0,0,dry and calm
BOM,2026-10-07 19:00:00,31.5,64.0,0.00,6.9,18.0,14520.0,5.0,0,dry and calm
BOM,2026-10-07 20:00:00,30.9,67.0,0.00,6.9,15.1,14520.0,2.0,0,dry and calm
BOM,2026-10-07 21:00:00,30.3,70.0,0.00,6.3,14.8,14500.0,2.0,0,dry and calm
BOM,2026-10-07 22:00:00,29.6,70.0,0.00,5.7,15.1,14500.0,1.0,0,dry and calm
BOM,2026-10-07 23:00:00,29.4,70.0,0.00,4.8,11.9,14480.0,9.0,0,dry and calm
BOM,2026-10-08 00:00:00,28.8,73.0,0.00,3.6,9.0,12940.0,2.0,0,dry and calm
BOM,2026-10-08 01:00:00,28.2,74.0,0.00,5.0,10.4,12940.0,1.0,0,dry and calm
BOM,2026-10-08 02:00:00,27.7,77.0,0.00,3.3,10.4,12920.0,4.0,0,dry and calm
BOM,2026-10-08 03:00:00,27.6,77.0,0.00,4.4,8.6,12920.0,8.0,0,dry and calm
BOM,2026-10-08 04:00:00,27.6,77.0,0.00,5.1,10.4,12900.0,24.0,1,dry and calm
BOM,2026-10-08 05:00:00,27.6,81.0,0.00,5.0,11.9,11160.0,35.0,1,dry and calm
BOM,2026-10-08 06:00:00,27.3,81.0,0.00,5.6,11.9,12880.0,11.0,0,dry and calm
BOM,2026-10-08 07:00:00,27.8,77.0,0.00,5.7,13.7,12880.0,2.0,0,dry and calm
BOM,2026-10-08 08:00:00,29.7,63.0,0.00,5.9,17.6,14380.0,0.0,0,dry and calm
BOM,2026-10-08 09:00:00,32.1,52.0,0.00,6.8,21.6,15800.0,0.0,0,dry and calm
BOM,2026-10-08 10:00:00,34.7,41.0,0.00,7.1,23.4,17900.0,0.0,0,dry and calm
BOM,2026-10-08 11:00:00,37.0,31.0,0.00,6.1,23.8,20180.0,6.0,0,dry and calm
BOM,2026-10-08 12:00:00,37.0,29.0,0.00,5.4,22.0,20180.0,23.0,1,dry and calm
BOM,2026-10-08 13:00:00,36.8,28.0,0.10,3.2,21.2,7580.0,34.0,51,light rain
BOM,2026-10-08 14:00:00,36.4,31.0,0.10,3.6,17.6,15140.0,12.0,51,light rain
BOM,2026-10-08 15:00:00,35.9,36.0,0.00,8.2,24.8,10260.0,18.0,0,dry and calm
BOM,2026-10-08 16:00:00,34.7,44.0,0.00,11.1,30.6,15740.0,16.0,0,dry and calm
BOM,2026-10-08 17:00:00,33.4,57.0,0.00,12.1,30.6,15720.0,24.0,1,dry and calm
BOM,2026-10-08 18:00:00,32.3,61.0,0.00,9.9,28.4,15700.0,3.0,0,dry and calm
BOM,2026-10-08 19:00:00,31.6,65.0,0.00,10.2,23.4,14260.0,1.0,0,dry and calm
BOM,2026-10-08 20:00:00,31.2,62.0,0.00,9.7,22.3,14260.0,1.0,0,dry and calm
BOM,2026-10-08 21:00:00,31.0,57.0,0.00,10.3,22.0,15660.0,2.0,0,dry and calm
BOM,2026-10-08 22:00:00,30.8,54.0,0.00,8.6,21.6,15660.0,2.0,0,dry and calm
BOM,2026-10-08 23:00:00,30.6,57.0,0.00,7.3,18.0,15640.0,2.0,0,dry and calm
BOM,2026-10-09 00:00:00,29.9,61.0,0.00,7.0,14.8,15620.0,5.0,0,dry and calm
BOM,2026-10-09 01:00:00,29.5,63.0,0.00,6.2,14.4,14200.0,17.0,0,dry and calm
BOM,2026-10-09 02:00:00,29.0,65.0,0.00,4.2,12.6,14180.0,9.0,0,dry and calm
BOM,2026-10-09 03:00:00,28.7,66.0,0.00,4.6,9.7,14180.0,6.0,0,dry and calm
BOM,2026-10-09 04:00:00,28.4,65.0,0.00,6.4,13.3,14160.0,5.0,0,dry and calm
BOM,2026-10-09 05:00:00,28.3,70.0,0.00,6.5,14.4,14160.0,2.0,0,dry and calm
BOM,2026-10-09 06:00:00,28.0,69.0,0.00,7.3,15.1,14140.0,1.0,0,dry and calm
BOM,2026-10-09 07:00:00,28.5,66.0,0.00,8.1,16.9,14140.0,0.0,0,dry and calm
BOM,2026-10-09 08:00:00,30.2,60.0,0.00,6.5,18.4,15540.0,0.0,0,dry and calm
BOM,2026-10-09 09:00:00,32.6,49.0,0.00,7.1,22.0,17620.0,0.0,0,dry and calm
BOM,2026-10-09 10:00:00,34.8,40.0,0.00,7.2,24.1,17600.0,0.0,0,dry and calm
BOM,2026-10-09 11:00:00,37.1,30.0,0.00,6.5,23.8,19820.0,13.0,0,dry and calm
BOM,2026-10-09 12:00:00,37.8,26.0,0.00,6.0,24.1,19820.0,31.0,1,dry and calm
BOM,2026-10-09 13:00:00,37.2,28.0,0.00,6.3,24.1,19800.0,34.0,1,dry and calm
BOM,2026-10-09 14:00:00,37.0,31.0,0.00,5.5,23.4,19800.0,28.0,1,dry and calm
BOM,2026-10-09 15:00:00,36.3,35.0,0.00,8.8,27.0,19760.0,52.0,2,dry and calm
BOM,2026-10-09 16:00:00,34.9,43.0,0.00,11.2,31.0,17520.0,9.0,0,dry and calm
BOM,2026-10-09 17:00:00,33.6,50.0,0.00,10.9,30.2,17520.0,4.0,0,dry and calm
BOM,2026-10-09 18:00:00,32.6,53.0,0.00,9.3,28.8,15420.0,5.0,0,dry and calm
BOM,2026-10-09 19:00:00,31.6,66.0,0.00,10.9,24.5,14020.0,4.0,0,dry and calm
BOM,2026-10-09 20:00:00,31.2,69.0,0.00,9.0,24.8,14000.0,2.0,0,dry and calm
BOM,2026-10-09 21:00:00,30.8,67.0,0.00,8.3,20.2,13980.0,2.0,0,dry and calm
BOM,2026-10-09 22:00:00,30.2,66.0,0.00,8.6,18.7,13980.0,2.0,0,dry and calm
BOM,2026-10-09 23:00:00,29.9,66.0,0.00,7.5,18.0,13960.0,1.0,0,dry and calm
BOM,2026-10-10 00:00:00,29.8,63.0,0.00,6.5,15.5,13960.0,1.0,0,dry and calm
BOM,2026-10-10 01:00:00,29.3,63.0,0.00,6.6,14.0,13940.0,1.0,0,dry and calm
BOM,2026-10-10 02:00:00,28.9,64.0,0.00,7.0,14.0,13940.0,1.0,0,dry and calm
BOM,2026-10-10 03:00:00,28.7,63.0,0.00,6.7,14.0,13920.0,1.0,0,dry and calm
BOM,2026-10-10 04:00:00,28.2,64.0,0.00,5.9,13.3,13920.0,1.0,0,dry and calm
BOM,2026-10-10 05:00:00,27.6,65.0,0.00,5.7,12.2,13900.0,0.0,0,dry and calm
BOM,2026-10-10 06:00:00,27.2,66.0,0.00,6.6,13.7,13900.0,0.0,0,dry and calm
BOM,2026-10-10 07:00:00,28.0,63.0,0.00,7.1,15.1,13880.0,0.0,0,dry and calm
BOM,2026-10-10 08:00:00,30.3,52.0,0.00,6.8,19.1,15260.0,0.0,0,dry and calm
BOM,2026-10-10 09:00:00,33.0,43.0,0.00,7.7,23.4,17320.0,0.0,0,dry and calm
BOM,2026-10-10 10:00:00,34.9,36.0,0.00,7.8,25.9,19480.0,0.0,0,dry and calm
BOM,2026-10-10 11:00:00,36.6,29.0,0.00,4.6,25.6,19500.0,0.0,0,dry and calm
BOM,2026-10-10 12:00:00,37.4,27.0,0.00,1.2,21.2,19480.0,10.0,0,dry and calm
BOM,2026-10-10 13:00:00,37.8,25.0,0.00,2.5,16.9,19460.0,16.0,0,dry and calm
BOM,2026-10-10 14:00:00,37.0,29.0,0.00,6.3,23.0,19460.0,56.0,2,dry and calm
BOM,2026-10-10 15:00:00,35.1,40.0,0.20,9.2,28.4,4260.0,80.0,51,light rain
BOM,2026-10-10 16:00:00,33.8,51.0,0.70,10.8,29.9,4360.0,21.0,53,light rain
BOM,2026-10-10 17:00:00,33.0,55.0,0.20,10.6,29.9,15180.0,16.0,51,light rain
BOM,2026-10-10 18:00:00,31.8,66.0,0.00,8.0,26.3,13780.0,12.0,0,dry and calm
BOM,2026-10-10 19:00:00,31.0,79.0,0.00,9.0,19.4,12300.0,13.0,0,dry and calm
BOM,2026-10-10 20:00:00,30.7,76.0,0.00,9.6,23.0,12300.0,1.0,0,dry and calm
BOM,2026-10-10 21:00:00,31.0,64.0,0.00,7.8,20.9,13740.0,0.0,0,dry and calm
BOM,2026-10-10 22:00:00,30.6,61.0,0.00,4.9,18.4,15120.0,1.0,0,dry and calm
BOM,2026-10-10 23:00:00,29.9,62.0,0.00,3.6,11.2,15100.0,1.0,0,dry and calm
BOM,2026-10-11 00:00:00,29.3,63.0,0.00,4.4,9.7,13720.0,0.0,0,dry and calm
BOM,2026-10-11 01:00:00,28.7,63.0,0.00,4.9,10.4,13700.0,2.0,0,dry and calm
BOM,2026-10-11 02:00:00,28.4,62.0,0.00,6.5,13.3,13700.0,4.0,0,dry and calm
BOM,2026-10-11 03:00:00,28.2,60.0,0.00,6.4,14.4,15060.0,2.0,0,dry and calm
BOM,2026-10-11 04:00:00,27.8,60.0,0.00,5.9,13.7,15060.0,8.0,0,dry and calm
BOM,2026-10-11 05:00:00,27.5,60.0,0.00,6.7,14.0,15040.0,7.0,0,dry and calm
BOM,2026-10-11 06:00:00,27.1,61.0,0.00,6.5,14.4,15040.0,0.0,0,dry and calm
BOM,2026-10-11 07:00:00,27.6,60.0,0.00,6.2,14.4,15020.0,2.0,0,dry and calm
BOM,2026-10-11 08:00:00,29.4,54.0,0.00,5.1,15.8,15000.0,8.0,0,dry and calm
BOM,2026-10-11 09:00:00,32.0,46.0,0.00,4.2,16.9,17040.0,13.0,0,dry and calm
BOM,2026-10-11 10:00:00,34.2,39.0,0.00,5.1,19.8,19160.0,18.0,0,dry and calm
BOM,2026-10-11 11:00:00,36.2,31.0,0.00,6.4,23.4,19140.0,9.0,0,dry and calm
BOM,2026-10-11 12:00:00,37.3,27.0,0.00,6.3,24.1,19140.0,45.0,1,dry and calm
BOM,2026-10-11 13:00:00,37.8,24.0,0.00,6.4,24.1,11800.0,28.0,1,dry and calm
BOM,2026-10-11 14:00:00,37.5,25.0,0.10,9.1,28.8,7560.0,18.0,51,light rain
BOM,2026-10-11 15:00:00,37.1,27.0,0.10,9.8,29.9,19100.0,9.0,51,light rain
BOM,2026-10-11 16:00:00,36.8,27.0,0.00,7.5,28.8,19100.0,4.0,0,dry and calm
BOM,2026-10-11 17:00:00,36.0,29.0,0.00,5.4,22.3,19080.0,3.0,0,dry and calm
BOM,2026-10-11 18:00:00,33.2,52.0,0.00,10.6,24.5,14900.0,5.0,0,dry and calm
BOM,2026-10-11 19:00:00,31.8,65.0,0.00,9.2,25.6,13540.0,2.0,0,dry and calm
BOM,2026-10-11 20:00:00,31.5,64.0,0.00,8.9,20.9,13520.0,2.0,0,dry and calm
BOM,2026-10-11 21:00:00,31.4,59.0,0.00,9.2,20.9,14880.0,1.0,0,dry and calm
BOM,2026-10-11 22:00:00,31.0,54.0,0.00,10.6,23.0,14860.0,1.0,0,dry and calm
BOM,2026-10-11 23:00:00,30.4,53.0,0.00,9.9,23.0,14860.0,1.0,0,dry and calm
HYD,2026-10-05 00:00:00,24.1,76.0,0.00,6.9,12.6,12480.0,0.0,0,dry and calm
HYD,2026-10-05 01:00:00,23.6,80.0,0.00,6.2,11.2,12500.0,0.0,0,dry and calm
HYD,2026-10-05 02:00:00,23.1,83.0,0.00,5.4,10.1,12560.0,0.0,0,dry and calm
HYD,2026-10-05 03:00:00,22.7,85.0,0.00,5.0,8.3,10900.0,0.0,0,dry and calm
HYD,2026-10-05 04:00:00,22.5,86.0,0.00,5.6,8.6,10880.0,0.0,0,dry and calm
HYD,2026-10-05 05:00:00,22.5,90.0,0.00,5.2,8.6,9460.0,0.0,0,dry and calm
HYD,2026-10-05 06:00:00,22.5,91.0,0.00,4.2,7.6,9420.0,0.0,0,dry and calm
HYD,2026-10-05 07:00:00,24.5,82.0,0.00,2.9,10.1,10740.0,0.0,0,dry and calm
HYD,2026-10-05 08:00:00,26.7,67.0,0.00,1.5,10.1,13760.0,0.0,0,dry and calm
HYD,2026-10-05 09:00:00,28.5,55.0,0.00,1.2,11.5,15080.0,11.0,0,dry and calm
HYD,2026-10-05 10:00:00,29.9,43.0,0.00,3.9,15.1,17200.0,4.0,0,dry and calm
HYD,2026-10-05 11:00:00,30.8,38.0,0.00,4.4,19.1,19080.0,6.0,0,dry and calm
HYD,2026-10-05 12:00:00,31.7,34.0,0.00,9.1,22.0,19240.0,3.0,0,dry and calm
HYD,2026-10-05 13:00:00,32.1,31.0,0.00,14.7,29.9,19420.0,3.0,0,dry and calm
HYD,2026-10-05 14:00:00,31.6,29.0,0.00,17.9,34.6,19520.0,1.0,0,dry and calm
HYD,2026-10-05 15:00:00,31.1,29.0,0.00,17.6,34.6,19540.0,0.0,0,dry and calm
HYD,2026-10-05 16:00:00,30.1,31.0,0.00,16.5,32.8,19500.0,1.0,0,dry and calm
HYD,2026-10-05 17:00:00,28.8,42.0,0.00,9.5,29.2,17460.0,0.0,0,dry and calm
HYD,2026-10-05 18:00:00,27.4,49.0,0.00,6.9,15.8,17400.0,0.0,0,dry and calm
HYD,2026-10-05 19:00:00,26.4,56.0,0.00,5.2,10.8,17340.0,1.0,0,dry and calm
HYD,2026-10-05 20:00:00,25.8,53.0,0.00,6.2,9.4,17260.0,1.0,0,dry and calm
HYD,2026-10-05 21:00:00,25.1,53.0,0.00,5.8,9.0,17180.0,1.0,0,dry and calm
HYD,2026-10-05 22:00:00,24.8,54.0,0.00,4.2,7.9,17200.0,0.0,0,dry and calm
HYD,2026-10-05 23:00:00,24.1,52.0,0.00,6.1,5.4,17240.0,0.0,0,dry and calm
HYD,2026-10-06 00:00:00,22.9,56.0,0.00,6.4,9.0,17280.0,0.0,0,dry and calm
HYD,2026-10-06 01:00:00,22.0,60.0,0.00,6.6,10.1,15180.0,0.0,0,dry and calm
HYD,2026-10-06 02:00:00,21.3,65.0,0.00,6.1,10.1,15200.0,0.0,0,dry and calm
HYD,2026-10-06 03:00:00,20.9,69.0,0.00,5.6,9.0,13800.0,0.0,0,dry and calm
HYD,2026-10-06 04:00:00,20.8,71.0,0.00,4.7,7.9,13760.0,0.0,0,dry and calm
HYD,2026-10-06 05:00:00,21.1,84.0,0.00,5.7,6.8,12280.0,0.0,0,dry and calm
HYD,2026-10-06 06:00:00,21.0,90.0,0.00,5.4,8.3,9260.0,0.0,0,dry and calm
HYD,2026-10-06 07:00:00,23.8,82.0,0.00,5.9,13.7,10580.0,3.0,0,dry and calm
HYD,2026-10-06 08:00:00,26.5,63.0,0.00,3.6,12.6,13540.0,14.0,0,dry and calm
HYD,2026-10-06 09:00:00,28.2,51.0,0.00,5.8,16.9,16960.0,27.0,1,dry and calm
HYD,2026-10-06 10:00:00,29.8,43.0,0.00,8.2,20.5,17000.0,8.0,0,dry and calm
HYD,2026-10-06 11:00:00,30.8,38.0,0.00,14.5,25.6,18840.0,9.0,0,dry and calm
HYD,2026-10-06 12:00:00,31.5,35.0,0.00,14.7,31.3,19020.0,9.0,0,dry and calm
HYD,2026-10-06 13:00:00,32.0,33.0,0.00,15.3,31.0,19140.0,17.0,0,dry and calm
HYD,2026-10-06 14:00:00,31.8,33.0,0.00,15.4,31.3,19260.0,42.0,1,dry and calm
HYD,2026-10-06 15:00:00,31.3,33.0,0.00,14.8,30.6,19280.0,89.0,3,dry and calm
HYD,2026-10-06 16:00:00,30.4,37.0,0.00,15.4,28.1,19220.0,86.0,3,dry and calm
HYD,2026-10-06 17:00:00,29.4,43.0,0.00,13.0,27.4,17280.0,38.0,1,dry and calm
HYD,2026-10-06 18:00:00,28.6,44.0,0.00,11.4,21.6,17160.0,32.0,1,dry and calm
HYD,2026-10-06 19:00:00,27.7,47.0,0.00,9.9,18.7,17060.0,9.0,0,dry and calm
HYD,2026-10-06 20:00:00,26.6,52.0,0.00,7.1,16.2,16960.0,2.0,0,dry and calm
HYD,2026-10-06 21:00:00,25.6,59.0,0.00,4.9,11.2,14820.0,2.0,0,dry and calm
HYD,2026-10-06 22:00:00,25.3,60.0,0.00,5.4,6.5,14820.0,1.0,0,dry and calm
HYD,2026-10-06 23:00:00,25.4,58.0,0.00,7.4,10.8,14840.0,2.0,0,dry and calm
HYD,2026-10-07 00:00:00,24.7,59.0,0.00,8.1,13.0,14860.0,3.0,0,dry and calm
HYD,2026-10-07 01:00:00,23.9,63.0,0.00,6.6,13.0,13540.0,2.0,0,dry and calm
HYD,2026-10-07 02:00:00,23.0,70.0,0.00,5.2,10.4,13560.0,2.0,0,dry and calm
HYD,2026-10-07 03:00:00,22.5,74.0,0.00,5.1,8.3,13520.0,1.0,0,dry and calm
HYD,2026-10-07 04:00:00,22.2,79.0,0.00,3.4,7.6,12080.0,0.0,0,dry and calm
HYD,2026-10-07 05:00:00,21.9,86.0,0.00,4.2,5.0,10460.0,0.0,0,dry and calm
HYD,2026-10-07 06:00:00,21.9,89.0,0.00,3.7,5.8,9080.0,0.0,0,dry and calm
HYD,2026-10-07 07:00:00,24.0,82.0,0.00,4.3,11.2,10360.0,0.0,0,dry and calm
HYD,2026-10-07 08:00:00,26.3,71.0,0.00,6.6,16.2,11880.0,0.0,0,dry and calm
HYD,2026-10-07 09:00:00,28.3,58.0,0.00,10.0,25.6,14540.0,35.0,1,dry and calm
HYD,2026-10-07 10:00:00,29.5,51.0,0.00,12.3,29.2,12800.0,44.0,1,dry and calm
HYD,2026-10-07 11:00:00,30.5,43.0,0.00,14.0,29.2,16660.0,39.0,1,dry and calm
HYD,2026-10-07 12:00:00,31.0,40.0,0.00,14.1,30.2,9160.0,32.0,1,dry and calm
HYD,2026-10-07 13:00:00,30.9,40.0,0.10,14.5,30.2,8580.0,22.0,51,light rain
HYD,2026-10-07 14:00:00,30.4,42.0,0.10,13.8,29.9,9400.0,31.0,51,light rain
HYD,2026-10-07 15:00:00,30.0,44.0,0.10,12.4,28.4,9440.0,16.0,51,light rain
HYD,2026-10-07 16:00:00,29.5,46.0,0.00,10.8,25.2,15060.0,31.0,1,dry and calm
HYD,2026-10-07 17:00:00,29.2,46.0,0.00,12.7,20.5,16860.0,17.0,0,dry and calm
HYD,2026-10-07 18:00:00,27.9,51.0,0.00,10.4,21.2,14700.0,4.0,0,dry and calm
HYD,2026-10-07 19:00:00,27.0,56.0,0.00,8.2,16.9,14640.0,2.0,0,dry and calm
HYD,2026-10-07 20:00:00,26.0,62.0,0.00,6.2,13.3,14540.0,2.0,0,dry and calm
HYD,2026-10-07 21:00:00,25.2,66.0,0.00,5.2,9.7,13200.0,1.0,0,dry and calm
HYD,2026-10-07 22:00:00,24.7,70.0,0.00,5.0,7.9,13180.0,1.0,0,dry and calm
HYD,2026-10-07 23:00:00,24.6,72.0,0.00,6.2,6.8,13180.0,1.0,0,dry and calm
HYD,2026-10-08 00:00:00,23.7,77.0,0.00,4.7,9.4,11840.0,2.0,0,dry and calm
HYD,2026-10-08 01:00:00,23.1,81.0,0.00,4.3,6.5,11880.0,1.0,0,dry and calm
HYD,2026-10-08 02:00:00,22.6,84.0,0.00,4.5,6.8,10340.0,0.0,0,dry and calm
HYD,2026-10-08 03:00:00,22.2,88.0,0.00,4.8,6.8,10340.0,0.0,0,dry and calm
HYD,2026-10-08 04:00:00,21.8,92.0,0.00,4.4,7.2,9000.0,0.0,0,dry and calm
HYD,2026-10-08 05:00:00,22.2,90.0,0.00,5.0,6.1,8980.0,0.0,0,dry and calm
HYD,2026-10-08 06:00:00,22.3,90.0,0.00,5.5,8.3,8940.0,0.0,0,dry and calm
HYD,2026-10-08 07:00:00,24.4,81.0,0.00,5.1,12.2,10220.0,0.0,0,dry and calm
HYD,2026-10-08 08:00:00,26.7,67.0,0.00,6.8,16.6,13080.0,0.0,0,dry and calm
HYD,2026-10-08 09:00:00,28.5,59.0,0.00,7.7,19.8,14340.0,0.0,0,dry and calm
HYD,2026-10-08 10:00:00,29.9,50.0,0.00,8.3,21.6,16420.0,13.0,0,dry and calm
HYD,2026-10-08 11:00:00,31.1,40.0,0.00,9.4,22.3,10080.0,22.0,1,dry and calm
HYD,2026-10-08 12:00:00,31.7,37.0,0.00,9.4,23.0,18320.0,20.0,1,dry and calm
HYD,2026-10-08 13:00:00,32.0,36.0,0.00,10.6,24.5,18480.0,10.0,0,dry and calm
HYD,2026-10-08 14:00:00,31.8,37.0,0.00,11.2,24.8,18600.0,11.0,0,dry and calm
HYD,2026-10-08 15:00:00,31.4,38.0,0.00,10.6,24.8,18660.0,5.0,0,dry and calm
HYD,2026-10-08 16:00:00,30.7,40.0,0.00,10.2,22.7,18640.0,4.0,0,dry and calm
HYD,2026-10-08 17:00:00,29.6,47.0,0.00,10.5,19.8,16780.0,5.0,0,dry and calm
HYD,2026-10-08 18:00:00,28.6,49.0,0.00,8.9,17.6,16700.0,2.0,0,dry and calm
HYD,2026-10-08 19:00:00,27.9,54.0,0.00,6.9,14.4,14560.0,3.0,0,dry and calm
HYD,2026-10-08 20:00:00,27.1,59.0,0.00,6.1,11.2,14480.0,3.0,0,dry and calm
HYD,2026-10-08 21:00:00,26.3,64.0,0.00,5.4,9.7,13140.0,2.0,0,dry and calm
HYD,2026-10-08 22:00:00,25.7,68.0,0.00,5.1,8.3,13120.0,1.0,0,dry and calm
HYD,2026-10-08 23:00:00,25.5,69.0,0.00,6.0,7.9,13140.0,0.0,0,dry and calm
HYD,2026-10-09 00:00:00,24.6,73.0,0.00,5.7,9.4,13200.0,1.0,0,dry and calm
HYD,2026-10-09 01:00:00,24.0,76.0,0.00,5.1,8.6,11840.0,0.0,0,dry and calm
HYD,2026-10-09 02:00:00,23.5,79.0,0.00,4.3,7.2,11880.0,0.0,0,dry and calm
HYD,2026-10-09 03:00:00,23.2,80.0,0.00,3.3,5.8,11880.0,0.0,0,dry and calm
HYD,2026-10-09 04:00:00,23.0,81.0,0.00,2.3,4.3,11860.0,9.0,0,dry and calm
HYD,2026-10-09 05:00:00,22.7,83.0,0.00,3.4,3.2,11820.0,15.0,0,dry and calm
HYD,2026-10-09 06:00:00,22.8,84.0,0.00,1.9,4.3,11780.0,0.0,0,dry and calm
HYD,2026-10-09 07:00:00,24.9,74.0,0.00,2.0,7.9,11720.0,0.0,0,dry and calm
HYD,2026-10-09 08:00:00,27.0,65.0,0.00,5.1,13.7,13040.0,0.0,0,dry and calm
HYD,2026-10-09 09:00:00,28.7,56.0,0.00,7.4,19.4,14320.0,0.0,0,dry and calm
HYD,2026-10-09 10:00:00,30.2,48.0,0.00,8.5,21.6,16380.0,48.0,1,dry and calm
HYD,2026-10-09 11:00:00,31.8,38.0,0.00,11.8,24.1,18180.0,16.0,0,dry and calm
HYD,2026-10-09 12:00:00,32.4,34.0,0.00,12.9,28.1,18340.0,25.0,1,dry and calm
HYD,2026-10-09 13:00:00,32.8,32.0,0.00,12.9,28.1,18500.0,16.0,0,dry and calm
HYD,2026-10-09 14:00:00,32.8,32.0,0.00,13.5,27.7,18640.0,9.0,0,dry and calm
HYD,2026-10-09 15:00:00,32.4,32.0,0.00,13.7,27.7,18660.0,10.0,0,dry and calm
HYD,2026-10-09 16:00:00,31.7,34.0,0.00,13.8,27.0,18660.0,2.0,0,dry and calm
HYD,2026-10-09 17:00:00,30.0,40.0,0.00,9.3,24.8,18620.0,3.0,0,dry and calm
HYD,2026-10-09 18:00:00,28.2,45.0,0.00,7.6,15.8,16660.0,3.0,0,dry and calm
HYD,2026-10-09 19:00:00,27.3,49.0,0.00,6.8,12.6,16580.0,3.0,0,dry and calm
HYD,2026-10-09 20:00:00,26.5,53.0,0.00,6.5,10.4,16460.0,1.0,0,dry and calm
HYD,2026-10-09 21:00:00,25.5,57.0,0.00,6.1,10.1,14360.0,0.0,0,dry and calm
HYD,2026-10-09 22:00:00,24.7,61.0,0.00,5.9,9.0,14380.0,0.0,0,dry and calm
HYD,2026-10-09 23:00:00,24.0,65.0,0.00,5.6,9.0,14420.0,0.0,0,dry and calm
HYD,2026-10-10 00:00:00,23.4,68.0,0.00,4.7,7.6,13140.0,0.0,0,dry and calm
HYD,2026-10-10 01:00:00,23.0,68.0,0.00,4.8,6.8,13180.0,0.0,0,dry and calm
HYD,2026-10-10 02:00:00,23.0,68.0,0.00,3.5,6.5,13220.0,0.0,0,dry and calm
HYD,2026-10-10 03:00:00,22.6,68.0,0.00,3.8,5.0,13240.0,0.0,0,dry and calm
HYD,2026-10-10 04:00:00,22.6,68.0,0.00,2.4,5.0,13240.0,0.0,0,dry and calm
HYD,2026-10-10 05:00:00,22.6,68.0,0.00,1.1,3.2,13180.0,0.0,0,dry and calm
HYD,2026-10-10 06:00:00,22.4,71.0,0.00,1.0,1.8,13120.0,0.0,0,dry and calm
HYD,2026-10-10 07:00:00,24.6,63.0,0.00,3.4,8.6,13040.0,0.0,0,dry and calm
HYD,2026-10-10 08:00:00,27.3,54.0,0.00,1.9,10.1,14300.0,0.0,0,dry and calm
HYD,2026-10-10 09:00:00,29.5,46.0,0.00,5.8,15.8,16320.0,0.0,0,dry and calm
HYD,2026-10-10 10:00:00,31.2,38.0,0.00,11.2,24.5,18100.0,0.0,0,dry and calm
HYD,2026-10-10 11:00:00,32.2,34.0,0.00,14.5,30.2,18220.0,0.0,0,dry and calm
HYD,2026-10-10 12:00:00,32.8,32.0,0.00,15.0,31.3,18380.0,1.0,0,dry and calm
HYD,2026-10-10 13:00:00,33.1,31.0,0.00,15.2,31.3,18500.0,18.0,0,dry and calm
HYD,2026-10-10 14:00:00,33.1,30.0,0.00,15.1,31.3,18640.0,33.0,1,dry and calm
HYD,2026-10-10 15:00:00,32.7,30.0,0.00,15.1,30.2,18680.0,50.0,2,dry and calm
HYD,2026-10-10 16:00:00,31.8,32.0,0.00,15.5,29.2,18600.0,15.0,0,dry and calm
HYD,2026-10-10 17:00:00,29.9,42.0,0.00,13.0,27.7,16640.0,2.0,0,dry and calm
HYD,2026-10-10 18:00:00,28.4,46.0,0.00,10.5,21.6,16540.0,2.0,0,dry and calm
HYD,2026-10-10 19:00:00,27.6,49.0,0.00,8.9,17.3,16440.0,2.0,0,dry and calm
HYD,2026-10-10 20:00:00,26.9,52.0,0.00,8.3,14.4,14300.0,3.0,0,dry and calm
HYD,2026-10-10 21:00:00,26.2,56.0,0.00,7.2,13.3,14260.0,2.0,0,dry and calm
HYD,2026-10-10 22:00:00,25.3,61.0,0.00,6.2,11.5,14240.0,2.0,0,dry and calm
HYD,2026-10-10 23:00:00,24.6,64.0,0.00,5.6,9.4,14260.0,1.0,0,dry and calm
HYD,2026-10-11 00:00:00,24.3,65.0,0.00,5.2,7.9,14300.0,1.0,0,dry and calm
HYD,2026-10-11 01:00:00,24.0,66.0,0.00,4.8,7.2,14360.0,1.0,0,dry and calm
HYD,2026-10-11 02:00:00,23.7,67.0,0.00,5.1,6.5,13060.0,1.0,0,dry and calm
HYD,2026-10-11 03:00:00,23.3,68.0,0.00,5.2,7.9,13060.0,0.0,0,dry and calm
HYD,2026-10-11 04:00:00,22.9,70.0,0.00,4.7,7.6,13060.0,0.0,0,dry and calm
HYD,2026-10-11 05:00:00,22.6,71.0,0.00,4.6,6.5,13000.0,0.0,0,dry and calm
HYD,2026-10-11 06:00:00,22.6,72.0,0.00,4.9,6.8,12940.0,0.0,0,dry and calm
HYD,2026-10-11 07:00:00,25.1,63.0,0.00,6.2,12.2,12840.0,0.0,0,dry and calm
HYD,2026-10-11 08:00:00,27.7,54.0,0.00,6.4,15.1,14060.0,0.0,0,dry and calm
HYD,2026-10-11 09:00:00,29.6,45.0,0.00,12.1,24.8,16040.0,0.0,0,dry and calm
HYD,2026-10-11 10:00:00,30.8,41.0,0.00,14.3,30.2,16080.0,0.0,0,dry and calm
HYD,2026-10-11 11:00:00,31.6,39.0,0.00,14.7,31.3,17900.0,0.0,0,dry and calm
HYD,2026-10-11 12:00:00,32.2,36.0,0.00,15.6,32.4,18060.0,13.0,0,dry and calm
HYD,2026-10-11 13:00:00,32.2,35.0,0.00,16.3,33.1,9940.0,13.0,0,dry and calm
HYD,2026-10-11 14:00:00,32.0,36.0,0.00,15.1,32.8,13740.0,22.0,1,dry and calm
HYD,2026-10-11 15:00:00,31.9,36.0,0.00,14.7,30.6,18280.0,20.0,1,dry and calm
HYD,2026-10-11 16:00:00,31.0,37.0,0.00,15.2,29.2,18240.0,21.0,1,dry and calm
HYD,2026-10-11 17:00:00,29.6,41.0,0.00,12.0,27.7,16340.0,2.0,0,dry and calm
HYD,2026-10-11 18:00:00,28.2,45.0,0.00,9.5,20.2,16260.0,0.0,0,dry and calm
HYD,2026-10-11 19:00:00,27.5,48.0,0.00,9.8,16.2,16160.0,0.0,0,dry and calm
HYD,2026-10-11 20:00:00,26.7,52.0,0.00,8.7,15.8,14080.0,0.0,0,dry and calm
HYD,2026-10-11 21:00:00,25.9,56.0,0.00,6.9,14.0,14040.0,0.0,0,dry and calm
HYD,2026-10-11 22:00:00,25.1,61.0,0.00,5.8,10.8,14020.0,0.0,0,dry and calm
HYD,2026-10-11 23:00:00,24.9,62.0,0.00,5.5,7.9,14040.0,0.0,0,dry and calm
