airport,window_start,window_end,fetched_at,units_used,flights,file
BOM,2026-09-09 12:00:00,2026-09-09 23:59:00,2026-10-09 20:12:46,2,235,BOM/2026-09-09_12.json.gz
DEL,2026-09-09 12:00:00,2026-09-09 23:59:00,2026-10-09 20:12:59,2,358,DEL/2026-09-09_12.json.gz
BLR,2026-10-05 00:00:00,2026-10-05 11:59:00,2026-10-09 20:14:38,2,185,BLR/2026-10-05_00.json.gz
BOM,2026-10-05 00:00:00,2026-10-05 11:59:00,2026-10-09 20:14:33,2,205,BOM/2026-10-05_00.json.gz
HYD,2026-10-05 00:00:00,2026-10-05 11:59:00,2026-10-09 20:14:44,2,116,HYD/2026-10-05_00.json.gz
BLR,2026-10-05 12:00:00,2026-10-05 23:59:00,2026-10-09 20:14:41,2,184,BLR/2026-10-05_12.json.gz
BOM,2026-10-05 12:00:00,2026-10-05 23:59:00,2026-10-09 20:14:36,2,217,BOM/2026-10-05_12.json.gz
HYD,2026-10-05 12:00:00,2026-10-05 23:59:00,2026-10-09 20:14:47,2,135,HYD/2026-10-05_12.json.gz
BLR,2026-10-06 00:00:00,2026-10-06 11:59:00,2026-10-09 20:14:23,2,177,BLR/2026-10-06_00.json.gz
BOM,2026-10-06 00:00:00,2026-10-06 11:59:00,2026-10-09 20:14:18,2,194,BOM/2026-10-06_00.json.gz
HYD,2026-10-06 00:00:00,2026-10-06 11:59:00,2026-10-09 20:14:28,2,115,HYD/2026-10-06_00.json.gz
BLR,2026-10-06 12:00:00,2026-10-06 23:59:00,2026-10-09 20:14:25,2,185,BLR/2026-10-06_12.json.gz
BOM,2026-10-06 12:00:00,2026-10-06 23:59:00,2026-10-09 20:14:21,2,222,BOM/2026-10-06_12.json.gz
HYD,2026-10-06 12:00:00,2026-10-06 23:59:00,2026-10-09 20:14:30,2,125,HYD/2026-10-06_12.json.gz
BLR,2026-10-07 00:00:00,2026-10-07 11:59:00,2026-10-09 20:14:06,2,206,BLR/2026-10-07_00.json.gz
BOM,2026-10-07 00:00:00,2026-10-07 11:59:00,2026-10-09 20:14:00,2,201,BOM/2026-10-07_00.json.gz
HYD,2026-10-07 00:00:00,2026-10-07 11:59:00,2026-10-09 20:14:12,2,121,HYD/2026-10-07_00.json.gz
BLR,2026-10-07 12:00:00,2026-10-07 23:59:00,2026-10-09 20:14:10,2,217,BLR/2026-10-07_12.json.gz
BOM,2026-10-07 12:00:00,2026-10-07 23:59:00,2026-10-09 20:14:03,2,222,BOM/2026-10-07_12.json.gz
HYD,2026-10-07 12:00:00,2026-10-07 23:59:00,2026-10-09 20:14:15,2,130,HYD/2026-10-07_12.json.gz
BLR,2026-10-08 00:00:00,2026-10-08 11:59:00,2026-10-09 20:10:55,2,191,BLR/2026-10-08_00.json.gz
BOM,2026-10-08 00:00:00,2026-10-08 11:59:00,2026-10-09 20:10:50,2,203,BOM/2026-10-08_00.json.gz
DEL,2026-10-08 00:00:00,2026-10-08 11:59:00,2026-10-09 20:10:38,2,302,DEL/2026-10-08_00.json.gz
HYD,2026-10-08 00:00:00,2026-10-08 11:59:00,2026-10-09 20:13:57,2,125,HYD/2026-10-08_00.json.gz
BLR,2026-10-08 12:00:00,2026-10-08 23:59:00,2026-10-09 20:10:58,2,224,BLR/2026-10-08_12.json.gz
BOM,2026-10-08 12:00:00,2026-10-08 23:59:00,2026-10-09 20:10:52,2,227,BOM/2026-10-08_12.json.gz
CCU,2026-10-08 12:00:00,2026-10-08 23:59:00,2026-10-09 20:13:19,2,97,CCU/2026-10-08_12.json.gz
DEL,2026-10-08 12:00:00,2026-10-08 23:59:00,2026-10-09 20:10:46,2,392,DEL/2026-10-08_12.json.gz
HYD,2026-10-08 12:00:00,2026-10-08 23:59:00,2026-10-09 20:13:17,2,134,HYD/2026-10-08_12.json.gz
BLR,2026-10-09 00:00:00,2026-10-09 11:59:00,2026-10-10 12:11:27,2,194,BLR/2026-10-09_00.json.gz
BOM,2026-10-09 00:00:00,2026-10-09 11:59:00,2026-10-10 12:11:24,2,192,BOM/2026-10-09_00.json.gz
HYD,2026-10-09 00:00:00,2026-10-09 11:59:00,2026-10-10 12:11:30,2,118,HYD/2026-10-09_00.json.gz
BLR,2026-10-09 12:00:00,2026-10-09 23:59:00,2026-10-10 12:11:28,2,217,BLR/2026-10-09_12.json.gz
BOM,2026-10-09 12:00:00,2026-10-09 23:59:00,2026-10-10 12:11:25,2,225,BOM/2026-10-09_12.json.gz
HYD,2026-10-09 12:00:00,2026-10-09 23:59:00,2026-10-10 12:11:32,2,136,HYD/2026-10-09_12.json.gz
